"Line","Strain","Generations","LR_sample","SR_callable_3x","SR_callable_10x","LR_callable_3x","LR_callable_10x","SR_SNP_rate_3x","SR_Indel_rate_3x","SR_Total_rate_3x","SR_SNP_rate_10x","SR_Indel_rate_10x","SR_Total_rate_10x","SR_matched_SNP_rate_3x","SR_matched_Indel_rate_3x","SR_matched_SNP_rate_10x","SR_matched_Indel_rate_10x","LR_SNP_rate_3x","LR_Indel_rate_3x","LR_Total_rate_3x","LR_SNP_rate_10x","LR_Indel_rate_10x","LR_Total_rate_10x","SR_TsTv_3x","SR_TsTv_10x","LR_TsTv_3x","LR_TsTv_10x","SR_InsDel_3x","SR_InsDel_10x","LR_InsDel_3x","LR_InsDel_10x","SR_3x_n_snp","SR_3x_n_indel","SR_3x_n_total","SR_10x_n_snp","SR_10x_n_indel","SR_10x_n_total","SR_matched_3x_n_snp","SR_matched_3x_n_indel","SR_matched_10x_n_snp","SR_matched_10x_n_indel","LR_3x_n_snp","LR_3x_n_indel","LR_3x_n_total","LR_10x_n_snp","LR_10x_n_indel","LR_10x_n_total","SR_3x_GC_to_AT","SR_3x_GC_to_CG","SR_3x_GC_to_TA","SR_3x_AT_to_GC","SR_3x_AT_to_CG","SR_3x_AT_to_TA","SR_3x_del_1","SR_3x_del_2","SR_3x_del_3_5","SR_3x_del_6_10","SR_3x_del_10plus","SR_3x_ins_1","SR_3x_ins_2","SR_3x_ins_3_5","SR_3x_ins_6_10","SR_3x_ins_10plus","SR_10x_GC_to_AT","SR_10x_GC_to_CG","SR_10x_GC_to_TA","SR_10x_AT_to_GC","SR_10x_AT_to_CG","SR_10x_AT_to_TA","SR_10x_del_1","SR_10x_del_2","SR_10x_del_3_5","SR_10x_del_6_10","SR_10x_del_10plus","SR_10x_ins_1","SR_10x_ins_2","SR_10x_ins_3_5","SR_10x_ins_6_10","SR_10x_ins_10plus","SR_matched_3x_GC_to_AT","SR_matched_3x_GC_to_CG","SR_matched_3x_GC_to_TA","SR_matched_3x_AT_to_GC","SR_matched_3x_AT_to_CG","SR_matched_3x_AT_to_TA","SR_matched_3x_del_1","SR_matched_3x_del_2","SR_matched_3x_del_3_5","SR_matched_3x_del_6_10","SR_matched_3x_del_10plus","SR_matched_3x_ins_1","SR_matched_3x_ins_2","SR_matched_3x_ins_3_5","SR_matched_3x_ins_6_10","SR_matched_3x_ins_10plus","SR_matched_10x_GC_to_AT","SR_matched_10x_GC_to_CG","SR_matched_10x_GC_to_TA","SR_matched_10x_AT_to_GC","SR_matched_10x_AT_to_CG","SR_matched_10x_AT_to_TA","SR_matched_10x_del_1","SR_matched_10x_del_2","SR_matched_10x_del_3_5","SR_matched_10x_del_6_10","SR_matched_10x_del_10plus","SR_matched_10x_ins_1","SR_matched_10x_ins_2","SR_matched_10x_ins_3_5","SR_matched_10x_ins_6_10","SR_matched_10x_ins_10plus","LR_3x_GC_to_AT","LR_3x_GC_to_CG","LR_3x_GC_to_TA","LR_3x_AT_to_GC","LR_3x_AT_to_CG","LR_3x_AT_to_TA","LR_3x_del_1","LR_3x_del_2","LR_3x_del_3_5","LR_3x_del_6_10","LR_3x_del_10plus","LR_3x_ins_1","LR_3x_ins_2","LR_3x_ins_3_5","LR_3x_ins_6_10","LR_3x_ins_10plus","LR_10x_GC_to_AT","LR_10x_GC_to_CG","LR_10x_GC_to_TA","LR_10x_AT_to_GC","LR_10x_AT_to_CG","LR_10x_AT_to_TA","LR_10x_del_1","LR_10x_del_2","LR_10x_del_3_5","LR_10x_del_6_10","LR_10x_del_10plus","LR_10x_ins_1","LR_10x_ins_2","LR_10x_ins_3_5","LR_10x_ins_6_10","LR_10x_ins_10plus"
"202","HK104",238,NA,97934846,95896033,NA,NA,1.67320982174708e-09,7.29347871017956e-10,2.40255769276503e-09,1.40207866067416e-09,4.81964539606742e-10,1.8840432002809e-09,NA,NA,NA,NA,NA,NA,NA,NA,NA,NA,0.857142857142857,1,NA,NA,1.125,1.2,NA,NA,39,17,56,32,11,43,NA,NA,NA,NA,NA,NA,NA,NA,NA,NA,14,2,8,4,5,6,4,1,0,0,3,1,1,6,0,1,13,2,7,3,3,4,3,0,0,0,2,1,0,4,0,1,NA,NA,NA,NA,NA,NA,NA,NA,NA,NA,NA,NA,NA,NA,NA,NA,NA,NA,NA,NA,NA,NA,NA,NA,NA,NA,NA,NA,NA,NA,NA,NA,NA,NA,NA,NA,NA,NA,NA,NA,NA,NA,NA,NA,NA,NA,NA,NA,NA,NA,NA,NA,NA,NA,NA,NA,NA,NA,NA,NA,NA,NA,NA,NA
"204","HK104",238,NA,96488758,81297376,NA,NA,NA,NA,NA,NA,NA,NA,NA,NA,NA,NA,NA,NA,NA,NA,NA,NA,NA,NA,NA,NA,NA,NA,NA,NA,NA,NA,NA,NA,NA,NA,NA,NA,NA,NA,NA,NA,NA,NA,NA,NA,NA,NA,NA,NA,NA,NA,NA,NA,NA,NA,NA,NA,NA,NA,NA,NA,NA,NA,NA,NA,NA,NA,NA,NA,NA,NA,NA,NA,NA,NA,NA,NA,NA,NA,NA,NA,NA,NA,NA,NA,NA,NA,NA,NA,NA,NA,NA,NA,NA,NA,NA,NA,NA,NA,NA,NA,NA,NA,NA,NA,NA,NA,NA,NA,NA,NA,NA,NA,NA,NA,NA,NA,NA,NA,NA,NA,NA,NA,NA,NA,NA,NA,NA,NA,NA,NA,NA,NA,NA,NA,NA,NA,NA,NA,NA,NA
"205","HK104",238,"HK_205",96167698,77890144,100122367,98979156,1.17966199161033e-09,8.30132512614675e-10,2.009794504225e-09,1.07887351505446e-09,4.85493081774508e-10,1.56436659682897e-09,1.22335317648478e-09,8.73823697489131e-10,1.29464821806535e-09,8.09155136290846e-10,2.60185820098193e-09,9.65205461654586e-10,3.56706366263651e-09,1.52820563757566e-09,7.21652662188506e-10,2.24985829976417e-09,0.8,0.538461538461538,0.675675675675676,0.5,1.375,0.8,1.09090909090909,0.888888888888889,27,19,46,20,9,29,28,20,24,15,62,23,85,36,17,53,10,1,7,2,4,3,6,0,0,1,1,2,1,2,3,3,5,1,7,2,2,3,4,0,0,1,0,0,1,1,2,0,9,1,8,0,4,6,5,1,1,2,0,2,1,1,2,5,8,1,7,2,2,4,6,0,1,1,0,2,1,1,3,0,20,3,14,5,6,14,7,1,1,2,0,3,1,2,3,3,10,2,10,2,4,8,7,0,1,1,0,2,1,1,3,1
"206","HK104",238,NA,96909307,90170350,NA,NA,1.34406183340405e-09,8.23779833376677e-10,2.16784166678073e-09,1.11833142639963e-09,4.19374284899861e-10,1.53770571129949e-09,NA,NA,NA,NA,NA,NA,NA,NA,NA,NA,1.06666666666667,1,NA,NA,0.9,0.5,NA,NA,31,19,50,24,9,33,NA,NA,NA,NA,NA,NA,NA,NA,NA,NA,12,2,5,4,2,6,5,1,1,1,2,3,2,4,0,0,9,1,5,3,1,5,3,1,0,1,1,2,0,1,0,0,NA,NA,NA,NA,NA,NA,NA,NA,NA,NA,NA,NA,NA,NA,NA,NA,NA,NA,NA,NA,NA,NA,NA,NA,NA,NA,NA,NA,NA,NA,NA,NA,NA,NA,NA,NA,NA,NA,NA,NA,NA,NA,NA,NA,NA,NA,NA,NA,NA,NA,NA,NA,NA,NA,NA,NA,NA,NA,NA,NA,NA,NA,NA,NA
"208","HK104",238,NA,95706328,81397632,NA,NA,1.44875960746163e-09,1.58046502632178e-09,3.02922463378341e-09,1.29048000814966e-09,8.77526405541766e-10,2.16800641369142e-09,NA,NA,NA,NA,NA,NA,NA,NA,NA,NA,0.941176470588235,1.5,NA,NA,2.6,1.125,NA,NA,33,36,69,25,17,42,NA,NA,NA,NA,NA,NA,NA,NA,NA,NA,11,7,4,5,0,6,4,3,1,1,1,4,1,16,2,3,10,6,2,5,0,2,3,2,1,1,1,2,1,5,1,0,NA,NA,NA,NA,NA,NA,NA,NA,NA,NA,NA,NA,NA,NA,NA,NA,NA,NA,NA,NA,NA,NA,NA,NA,NA,NA,NA,NA,NA,NA,NA,NA,NA,NA,NA,NA,NA,NA,NA,NA,NA,NA,NA,NA,NA,NA,NA,NA,NA,NA,NA,NA,NA,NA,NA,NA,NA,NA,NA,NA,NA,NA,NA,NA
"209","HK104",238,"HK_209",96544475,82742259,100366703,99308833,1.61026495689111e-09,5.22248094126846e-10,2.13251305101795e-09,1.06638729935627e-09,2.53901737941969e-10,1.32028903729824e-09,1.65378563140168e-09,5.65768768637416e-10,1.52341042765181e-09,2.53901737941969e-10,2.84670390850924e-09,6.2794939158292e-10,3.47465330009216e-09,1.43851396236972e-09,2.96164639311413e-10,1.73467860168113e-09,0.947368421052632,0.909090909090909,1.3448275862069,0.888888888888889,3,0.666666666666667,4,1.33333333333333,37,12,49,21,5,26,38,13,30,5,68,15,83,34,7,41,11,3,8,7,4,4,1,0,0,1,1,4,2,0,0,3,7,1,4,3,3,3,1,0,0,1,1,1,1,0,0,0,12,3,8,6,4,5,1,0,0,1,0,5,2,1,0,3,9,3,7,5,3,3,1,0,0,1,0,1,1,1,0,0,16,3,11,23,8,7,1,0,0,2,0,5,2,1,0,4,10,3,9,6,3,3,1,0,0,2,0,1,1,1,0,1
"212","HK104",238,NA,96561903,83492470,NA,NA,1.65348714747491e-09,5.65666655715099e-10,2.21915380319e-09,1.25810168038774e-09,2.01296268862038e-10,1.45939794924977e-09,NA,NA,NA,NA,NA,NA,NA,NA,NA,NA,0.9,0.666666666666667,NA,NA,1.16666666666667,1,NA,NA,38,13,51,25,4,29,NA,NA,NA,NA,NA,NA,NA,NA,NA,NA,13,3,5,5,4,8,2,1,0,0,3,2,1,2,0,2,8,3,3,2,3,6,0,1,0,0,1,1,1,0,0,0,NA,NA,NA,NA,NA,NA,NA,NA,NA,NA,NA,NA,NA,NA,NA,NA,NA,NA,NA,NA,NA,NA,NA,NA,NA,NA,NA,NA,NA,NA,NA,NA,NA,NA,NA,NA,NA,NA,NA,NA,NA,NA,NA,NA,NA,NA,NA,NA,NA,NA,NA,NA,NA,NA,NA,NA,NA,NA,NA,NA,NA,NA,NA,NA
"217","HK104",238,NA,96399502,81502396,NA,NA,1.65627272168085e-09,1.08965310636898e-09,2.74592582804983e-09,1.34037406064714e-09,5.15528484864286e-10,1.85590254551143e-09,NA,NA,NA,NA,NA,NA,NA,NA,NA,NA,0.80952380952381,1.16666666666667,NA,NA,2.125,1.5,NA,NA,38,25,63,26,10,36,NA,NA,NA,NA,NA,NA,NA,NA,NA,NA,11,2,11,6,2,6,2,1,2,2,1,5,2,6,0,4,9,2,6,5,2,2,1,1,1,0,1,4,1,1,0,0,NA,NA,NA,NA,NA,NA,NA,NA,NA,NA,NA,NA,NA,NA,NA,NA,NA,NA,NA,NA,NA,NA,NA,NA,NA,NA,NA,NA,NA,NA,NA,NA,NA,NA,NA,NA,NA,NA,NA,NA,NA,NA,NA,NA,NA,NA,NA,NA,NA,NA,NA,NA,NA,NA,NA,NA,NA,NA,NA,NA,NA,NA,NA,NA
"219","HK104",238,NA,96324713,78531459,NA,NA,1.74479862598455e-09,6.10679519094593e-10,2.35547814507915e-09,1.39108198001251e-09,3.74522071541831e-10,1.76560405155435e-09,NA,NA,NA,NA,NA,NA,NA,NA,NA,NA,0.666666666666667,0.733333333333333,NA,NA,1.33333333333333,0.75,NA,NA,40,14,54,26,7,33,NA,NA,NA,NA,NA,NA,NA,NA,NA,NA,13,5,10,3,1,8,2,1,1,1,1,2,1,4,1,0,10,4,4,1,0,7,1,1,1,1,0,0,0,2,1,0,NA,NA,NA,NA,NA,NA,NA,NA,NA,NA,NA,NA,NA,NA,NA,NA,NA,NA,NA,NA,NA,NA,NA,NA,NA,NA,NA,NA,NA,NA,NA,NA,NA,NA,NA,NA,NA,NA,NA,NA,NA,NA,NA,NA,NA,NA,NA,NA,NA,NA,NA,NA,NA,NA,NA,NA,NA,NA,NA,NA,NA,NA,NA,NA
"228","HK104",238,NA,93034175,41183804,NA,NA,1.58069680877389e-09,1.40004574491402e-09,2.98074255368791e-09,1.42831704938584e-09,4.08090585538811e-10,1.83640763492465e-09,NA,NA,NA,NA,NA,NA,NA,NA,NA,NA,1.05882352941176,0.75,NA,NA,1.81818181818182,0.333333333333333,NA,NA,35,31,66,14,4,18,NA,NA,NA,NA,NA,NA,NA,NA,NA,NA,11,2,3,7,6,6,1,4,3,1,2,8,2,6,2,2,3,1,2,3,3,2,0,2,0,1,0,0,0,1,0,0,NA,NA,NA,NA,NA,NA,NA,NA,NA,NA,NA,NA,NA,NA,NA,NA,NA,NA,NA,NA,NA,NA,NA,NA,NA,NA,NA,NA,NA,NA,NA,NA,NA,NA,NA,NA,NA,NA,NA,NA,NA,NA,NA,NA,NA,NA,NA,NA,NA,NA,NA,NA,NA,NA,NA,NA,NA,NA,NA,NA,NA,NA,NA,NA
"232","HK104",238,NA,96202192,73482785,NA,NA,1.61599420597349e-09,4.80430709884012e-10,2.09642491585751e-09,1.429477894812e-09,1.7153734737744e-10,1.60101524218944e-09,NA,NA,NA,NA,NA,NA,NA,NA,NA,NA,1.05555555555556,1.08333333333333,NA,NA,1.75,0,NA,NA,37,11,48,25,3,28,NA,NA,NA,NA,NA,NA,NA,NA,NA,NA,14,4,11,5,2,1,1,2,0,0,1,3,1,0,1,2,10,2,8,3,1,1,1,2,0,0,0,0,0,0,0,0,NA,NA,NA,NA,NA,NA,NA,NA,NA,NA,NA,NA,NA,NA,NA,NA,NA,NA,NA,NA,NA,NA,NA,NA,NA,NA,NA,NA,NA,NA,NA,NA,NA,NA,NA,NA,NA,NA,NA,NA,NA,NA,NA,NA,NA,NA,NA,NA,NA,NA,NA,NA,NA,NA,NA,NA,NA,NA,NA,NA,NA,NA,NA,NA
"235","HK104",238,NA,96939874,90100141,NA,NA,1.5603538354267e-09,5.63461107237418e-10,2.12381494266411e-09,1.11920286711265e-09,3.26434169574522e-10,1.44563703668717e-09,NA,NA,NA,NA,NA,NA,NA,NA,NA,NA,1.11764705882353,1.66666666666667,NA,NA,1.6,1.33333333333333,NA,NA,36,13,49,24,7,31,NA,NA,NA,NA,NA,NA,NA,NA,NA,NA,12,3,8,7,2,4,1,1,2,0,1,2,3,0,3,0,10,2,3,5,0,4,1,1,1,0,0,2,1,0,1,0,NA,NA,NA,NA,NA,NA,NA,NA,NA,NA,NA,NA,NA,NA,NA,NA,NA,NA,NA,NA,NA,NA,NA,NA,NA,NA,NA,NA,NA,NA,NA,NA,NA,NA,NA,NA,NA,NA,NA,NA,NA,NA,NA,NA,NA,NA,NA,NA,NA,NA,NA,NA,NA,NA,NA,NA,NA,NA,NA,NA,NA,NA,NA,NA
"236","HK104",238,NA,96532981,88798454,NA,NA,2.13276696532532e-09,9.14042985139422e-10,3.04680995046474e-09,1.84536485532155e-09,7.09755713585212e-10,2.55512056890676e-09,NA,NA,NA,NA,NA,NA,NA,NA,NA,NA,1.57894736842105,1.78571428571429,NA,NA,1.625,2,NA,NA,49,21,70,39,15,54,NA,NA,NA,NA,NA,NA,NA,NA,NA,NA,15,4,8,15,2,5,3,1,3,1,0,7,0,4,0,2,12,3,6,13,2,3,3,0,1,1,0,6,0,3,0,1,NA,NA,NA,NA,NA,NA,NA,NA,NA,NA,NA,NA,NA,NA,NA,NA,NA,NA,NA,NA,NA,NA,NA,NA,NA,NA,NA,NA,NA,NA,NA,NA,NA,NA,NA,NA,NA,NA,NA,NA,NA,NA,NA,NA,NA,NA,NA,NA,NA,NA,NA,NA,NA,NA,NA,NA,NA,NA,NA,NA,NA,NA,NA,NA
"237","HK104",238,NA,96386415,81134699,NA,NA,2.00523394219372e-09,6.10288591102436e-10,2.61552253329615e-09,1.45002151081536e-09,3.1071889517472e-10,1.76074040599008e-09,NA,NA,NA,NA,NA,NA,NA,NA,NA,NA,0.769230769230769,1,NA,NA,0.4,0.5,NA,NA,46,14,60,28,6,34,NA,NA,NA,NA,NA,NA,NA,NA,NA,NA,11,3,12,9,4,7,2,0,3,4,1,0,1,1,0,2,9,3,5,5,3,3,1,0,2,1,0,0,0,1,0,1,NA,NA,NA,NA,NA,NA,NA,NA,NA,NA,NA,NA,NA,NA,NA,NA,NA,NA,NA,NA,NA,NA,NA,NA,NA,NA,NA,NA,NA,NA,NA,NA,NA,NA,NA,NA,NA,NA,NA,NA,NA,NA,NA,NA,NA,NA,NA,NA,NA,NA,NA,NA,NA,NA,NA,NA,NA,NA,NA,NA,NA,NA,NA,NA
"244","HK104",238,"HK_244",96679616,85166028,100418712,99363701,1.56455425103965e-09,7.38817285213167e-10,2.30337153625281e-09,1.28271448187054e-09,3.45346206657452e-10,1.62806068852799e-09,1.65147393165296e-09,7.38817285213167e-10,1.67739586090762e-09,3.94681379037088e-10,2.38497181998638e-09,6.69465774031263e-10,3.05443759401764e-09,1.81829246585293e-09,3.38286970391242e-10,2.15657943624417e-09,0.636363636363636,0.733333333333333,0.676470588235294,0.653846153846154,2.4,2.5,3,1.66666666666667,36,17,53,26,7,33,38,17,34,8,57,16,73,43,8,51,11,4,10,3,5,3,3,1,1,0,0,2,1,5,2,2,9,2,8,2,5,0,1,1,0,0,0,2,1,2,0,0,12,4,10,4,5,3,2,1,1,0,0,2,1,7,1,2,11,4,9,3,5,2,1,1,1,0,0,2,1,2,0,0,15,7,14,8,8,5,2,1,1,0,0,2,1,7,1,1,13,5,11,4,7,3,1,1,1,0,0,2,1,2,0,0
"250","HK104",238,NA,97229893,93309245,NA,NA,2.76568815133027e-09,1.38284407566514e-09,4.14853222699541e-09,2.29651107224921e-09,8.10533319617368e-10,3.10704439186658e-09,NA,NA,NA,NA,NA,NA,NA,NA,NA,NA,0.684210526315789,0.645161290322581,NA,NA,1.90909090909091,1,NA,NA,64,32,96,51,18,69,NA,NA,NA,NA,NA,NA,NA,NA,NA,NA,18,4,15,8,4,15,6,1,2,1,1,6,0,11,1,3,15,4,12,5,4,11,6,0,1,1,1,5,0,4,0,0,NA,NA,NA,NA,NA,NA,NA,NA,NA,NA,NA,NA,NA,NA,NA,NA,NA,NA,NA,NA,NA,NA,NA,NA,NA,NA,NA,NA,NA,NA,NA,NA,NA,NA,NA,NA,NA,NA,NA,NA,NA,NA,NA,NA,NA,NA,NA,NA,NA,NA,NA,NA,NA,NA,NA,NA,NA,NA,NA,NA,NA,NA,NA,NA
"252","HK104",238,NA,97140380,92287962,NA,NA,1.8599090193755e-09,1.03808875500028e-09,2.89799777437577e-09,1.54794991417345e-09,5.00807325173764e-10,2.04875723934722e-09,NA,NA,NA,NA,NA,NA,NA,NA,NA,NA,0.653846153846154,0.7,NA,NA,1,1.75,NA,NA,43,24,67,34,11,45,NA,NA,NA,NA,NA,NA,NA,NA,NA,NA,10,5,11,7,7,3,1,1,4,0,6,4,1,3,1,3,8,4,7,6,6,3,0,1,2,0,1,3,1,2,0,1,NA,NA,NA,NA,NA,NA,NA,NA,NA,NA,NA,NA,NA,NA,NA,NA,NA,NA,NA,NA,NA,NA,NA,NA,NA,NA,NA,NA,NA,NA,NA,NA,NA,NA,NA,NA,NA,NA,NA,NA,NA,NA,NA,NA,NA,NA,NA,NA,NA,NA,NA,NA,NA,NA,NA,NA,NA,NA,NA,NA,NA,NA,NA,NA
"254","HK104",238,NA,96994029,89284179,NA,NA,1.86271537300057e-09,7.79741318930471e-10,2.64245669193104e-09,1.60002751279309e-09,1.88238530916834e-10,1.78826604370992e-09,NA,NA,NA,NA,NA,NA,NA,NA,NA,NA,0.954545454545455,1.125,NA,NA,1,0.333333333333333,NA,NA,43,18,61,34,4,38,NA,NA,NA,NA,NA,NA,NA,NA,NA,NA,14,9,5,7,3,5,2,0,0,2,5,1,1,4,2,1,12,7,4,6,3,2,2,0,0,0,1,1,0,0,0,0,NA,NA,NA,NA,NA,NA,NA,NA,NA,NA,NA,NA,NA,NA,NA,NA,NA,NA,NA,NA,NA,NA,NA,NA,NA,NA,NA,NA,NA,NA,NA,NA,NA,NA,NA,NA,NA,NA,NA,NA,NA,NA,NA,NA,NA,NA,NA,NA,NA,NA,NA,NA,NA,NA,NA,NA,NA,NA,NA,NA,NA,NA,NA,NA
"255","HK104",238,NA,96721526,87551760,NA,NA,1.12946623152939e-09,3.47528071239811e-10,1.4769943027692e-09,9.59816381137034e-10,1.91963276227407e-10,1.15177965736444e-09,NA,NA,NA,NA,NA,NA,NA,NA,NA,NA,0.625,0.538461538461538,NA,NA,1.66666666666667,1,NA,NA,26,8,34,20,4,24,NA,NA,NA,NA,NA,NA,NA,NA,NA,NA,7,4,7,3,2,3,1,0,1,0,1,3,0,0,0,2,6,2,7,1,2,2,1,0,1,0,0,2,0,0,0,0,NA,NA,NA,NA,NA,NA,NA,NA,NA,NA,NA,NA,NA,NA,NA,NA,NA,NA,NA,NA,NA,NA,NA,NA,NA,NA,NA,NA,NA,NA,NA,NA,NA,NA,NA,NA,NA,NA,NA,NA,NA,NA,NA,NA,NA,NA,NA,NA,NA,NA,NA,NA,NA,NA,NA,NA,NA,NA,NA,NA,NA,NA,NA,NA
"258","HK104",238,NA,96866358,86917678,NA,NA,1.77841833965746e-09,8.67521141296322e-10,2.64593948095378e-09,1.25686396591257e-09,3.86727374126944e-10,1.64359134003951e-09,NA,NA,NA,NA,NA,NA,NA,NA,NA,NA,0.64,0.733333333333333,NA,NA,1.5,3,NA,NA,41,20,61,26,8,34,NA,NA,NA,NA,NA,NA,NA,NA,NA,NA,13,7,6,3,5,7,1,2,2,1,2,3,1,6,1,1,10,4,5,1,3,3,0,0,1,1,0,2,1,2,0,1,NA,NA,NA,NA,NA,NA,NA,NA,NA,NA,NA,NA,NA,NA,NA,NA,NA,NA,NA,NA,NA,NA,NA,NA,NA,NA,NA,NA,NA,NA,NA,NA,NA,NA,NA,NA,NA,NA,NA,NA,NA,NA,NA,NA,NA,NA,NA,NA,NA,NA,NA,NA,NA,NA,NA,NA,NA,NA,NA,NA,NA,NA,NA,NA
"262","HK104",238,NA,97039330,89935606,NA,NA,1.47215714347103e-09,7.7937731124937e-10,2.2515344547204e-09,1.30812549173827e-09,4.67187675620811e-10,1.77531316735908e-09,NA,NA,NA,NA,NA,NA,NA,NA,NA,NA,1,1,NA,NA,0.8,1.5,NA,NA,34,18,52,28,10,38,NA,NA,NA,NA,NA,NA,NA,NA,NA,NA,12,1,7,5,4,5,4,1,1,2,2,4,1,2,1,0,10,1,4,4,4,5,2,1,1,0,0,4,0,1,1,0,NA,NA,NA,NA,NA,NA,NA,NA,NA,NA,NA,NA,NA,NA,NA,NA,NA,NA,NA,NA,NA,NA,NA,NA,NA,NA,NA,NA,NA,NA,NA,NA,NA,NA,NA,NA,NA,NA,NA,NA,NA,NA,NA,NA,NA,NA,NA,NA,NA,NA,NA,NA,NA,NA,NA,NA,NA,NA,NA,NA,NA,NA,NA,NA
"263","HK104",238,NA,97188290,92215805,NA,NA,1.51313315142608e-09,8.64647515100617e-10,2.3777806665267e-09,1.27577977358143e-09,5.46762760106328e-10,1.82254253368776e-09,NA,NA,NA,NA,NA,NA,NA,NA,NA,NA,0.521739130434783,0.555555555555556,NA,NA,1.5,1,NA,NA,35,20,55,28,12,40,NA,NA,NA,NA,NA,NA,NA,NA,NA,NA,5,3,9,7,3,8,5,1,0,2,0,6,1,2,1,2,5,3,7,5,2,6,4,1,0,1,0,5,0,0,1,0,NA,NA,NA,NA,NA,NA,NA,NA,NA,NA,NA,NA,NA,NA,NA,NA,NA,NA,NA,NA,NA,NA,NA,NA,NA,NA,NA,NA,NA,NA,NA,NA,NA,NA,NA,NA,NA,NA,NA,NA,NA,NA,NA,NA,NA,NA,NA,NA,NA,NA,NA,NA,NA,NA,NA,NA,NA,NA,NA,NA,NA,NA,NA,NA
"264","HK104",238,"HK_264",96186309,75836259,100566027,99529545,1.70362651319209e-09,5.67875504397365e-10,2.27150201758946e-09,1.38511601431609e-09,5.54046405726436e-10,1.93916242004253e-09,NA,NA,NA,NA,NA,NA,NA,NA,NA,NA,1.05263157894737,1.27272727272727,NA,NA,1.6,1,NA,NA,39,13,52,25,10,35,NA,NA,NA,NA,NA,NA,NA,NA,NA,NA,13,4,4,7,5,6,1,0,2,1,1,3,1,2,0,2,8,3,2,6,3,3,2,0,2,0,1,3,1,0,0,1,NA,NA,NA,NA,NA,NA,NA,NA,NA,NA,NA,NA,NA,NA,NA,NA,NA,NA,NA,NA,NA,NA,NA,NA,NA,NA,NA,NA,NA,NA,NA,NA,NA,NA,NA,NA,NA,NA,NA,NA,NA,NA,NA,NA,NA,NA,NA,NA,NA,NA,NA,NA,NA,NA,NA,NA,NA,NA,NA,NA,NA,NA,NA,NA
"265","HK104",238,NA,97065072,91064188,NA,NA,NA,NA,NA,NA,NA,NA,NA,NA,NA,NA,NA,NA,NA,NA,NA,NA,NA,NA,NA,NA,NA,NA,NA,NA,NA,NA,NA,NA,NA,NA,NA,NA,NA,NA,NA,NA,NA,NA,NA,NA,NA,NA,NA,NA,NA,NA,NA,NA,NA,NA,NA,NA,NA,NA,NA,NA,NA,NA,NA,NA,NA,NA,NA,NA,NA,NA,NA,NA,NA,NA,NA,NA,NA,NA,NA,NA,NA,NA,NA,NA,NA,NA,NA,NA,NA,NA,NA,NA,NA,NA,NA,NA,NA,NA,NA,NA,NA,NA,NA,NA,NA,NA,NA,NA,NA,NA,NA,NA,NA,NA,NA,NA,NA,NA,NA,NA,NA,NA,NA,NA,NA,NA,NA,NA,NA,NA,NA,NA,NA,NA,NA,NA,NA,NA,NA,NA
"269","HK104",238,NA,96860790,88005766,NA,NA,1.69176347021831e-09,1.30135651555255e-09,2.99311998577086e-09,1.38455404724048e-09,6.68405402116092e-10,2.05295944935657e-09,NA,NA,NA,NA,NA,NA,NA,NA,NA,NA,0.695652173913043,0.8125,NA,NA,1.72727272727273,1.8,NA,NA,39,30,69,29,14,43,NA,NA,NA,NA,NA,NA,NA,NA,NA,NA,9,1,11,7,2,9,1,2,6,1,1,2,4,10,1,2,7,1,9,6,2,4,1,2,2,0,0,0,2,5,1,1,NA,NA,NA,NA,NA,NA,NA,NA,NA,NA,NA,NA,NA,NA,NA,NA,NA,NA,NA,NA,NA,NA,NA,NA,NA,NA,NA,NA,NA,NA,NA,NA,NA,NA,NA,NA,NA,NA,NA,NA,NA,NA,NA,NA,NA,NA,NA,NA,NA,NA,NA,NA,NA,NA,NA,NA,NA,NA,NA,NA,NA,NA,NA,NA
"271","HK104",238,NA,96910596,89149003,NA,NA,1.86431903594487e-09,1.04055015959714e-09,2.90486919554201e-09,1.36679867856512e-09,5.65571866992465e-10,1.93237054555759e-09,NA,NA,NA,NA,NA,NA,NA,NA,NA,NA,0.869565217391304,1.41666666666667,NA,NA,2.42857142857143,3,NA,NA,43,24,67,29,12,41,NA,NA,NA,NA,NA,NA,NA,NA,NA,NA,16,4,9,4,2,8,0,1,2,0,4,8,3,4,1,1,15,2,5,2,0,5,0,0,1,0,2,3,2,2,1,1,NA,NA,NA,NA,NA,NA,NA,NA,NA,NA,NA,NA,NA,NA,NA,NA,NA,NA,NA,NA,NA,NA,NA,NA,NA,NA,NA,NA,NA,NA,NA,NA,NA,NA,NA,NA,NA,NA,NA,NA,NA,NA,NA,NA,NA,NA,NA,NA,NA,NA,NA,NA,NA,NA,NA,NA,NA,NA,NA,NA,NA,NA,NA,NA
"272","HK104",238,NA,96896980,90554627,NA,NA,1.69113161440622e-09,1.30087047262017e-09,2.99200208702639e-09,1.48478091034051e-09,7.88789858618394e-10,2.2735707689589e-09,NA,NA,NA,NA,NA,NA,NA,NA,NA,NA,0.5,0.523809523809524,NA,NA,5,4.66666666666667,NA,NA,39,30,69,32,17,49,NA,NA,NA,NA,NA,NA,NA,NA,NA,NA,10,6,11,3,2,7,2,0,1,0,2,3,2,16,2,2,8,5,9,3,1,6,2,0,0,0,1,2,1,8,2,1,NA,NA,NA,NA,NA,NA,NA,NA,NA,NA,NA,NA,NA,NA,NA,NA,NA,NA,NA,NA,NA,NA,NA,NA,NA,NA,NA,NA,NA,NA,NA,NA,NA,NA,NA,NA,NA,NA,NA,NA,NA,NA,NA,NA,NA,NA,NA,NA,NA,NA,NA,NA,NA,NA,NA,NA,NA,NA,NA,NA,NA,NA,NA,NA
"278","HK104",238,NA,95063232,55938544,NA,NA,1.72375315640949e-09,3.09391592176062e-10,2.03314474858555e-09,1.72758617854238e-09,0,1.72758617854238e-09,NA,NA,NA,NA,NA,NA,NA,NA,NA,NA,0.5,0.533333333333333,NA,NA,2.5,NA,NA,NA,39,7,46,23,0,23,NA,NA,NA,NA,NA,NA,NA,NA,NA,NA,10,5,12,3,3,6,1,0,1,0,0,1,0,0,2,2,5,5,7,3,0,3,0,0,0,0,0,0,0,0,0,0,NA,NA,NA,NA,NA,NA,NA,NA,NA,NA,NA,NA,NA,NA,NA,NA,NA,NA,NA,NA,NA,NA,NA,NA,NA,NA,NA,NA,NA,NA,NA,NA,NA,NA,NA,NA,NA,NA,NA,NA,NA,NA,NA,NA,NA,NA,NA,NA,NA,NA,NA,NA,NA,NA,NA,NA,NA,NA,NA,NA,NA,NA,NA,NA
"281","HK104",238,NA,96870610,87064205,NA,NA,1.3879729002698e-09,6.07238143868039e-10,1.99521104413784e-09,1.10996999814315e-09,5.79114781639905e-10,1.68908477978306e-09,NA,NA,NA,NA,NA,NA,NA,NA,NA,NA,0.777777777777778,0.769230769230769,NA,NA,3.66666666666667,3,NA,NA,32,14,46,23,12,35,NA,NA,NA,NA,NA,NA,NA,NA,NA,NA,12,1,9,2,3,5,1,1,1,0,0,4,1,6,0,0,9,0,8,1,2,3,1,1,1,0,0,3,1,5,0,0,NA,NA,NA,NA,NA,NA,NA,NA,NA,NA,NA,NA,NA,NA,NA,NA,NA,NA,NA,NA,NA,NA,NA,NA,NA,NA,NA,NA,NA,NA,NA,NA,NA,NA,NA,NA,NA,NA,NA,NA,NA,NA,NA,NA,NA,NA,NA,NA,NA,NA,NA,NA,NA,NA,NA,NA,NA,NA,NA,NA,NA,NA,NA,NA
"284","HK104",238,NA,96975034,88099520,NA,NA,1.55978810176731e-09,5.63256814527085e-10,2.1230449162944e-09,1.43077306400838e-09,2.86154612801675e-10,1.71692767681005e-09,NA,NA,NA,NA,NA,NA,NA,NA,NA,NA,0.8,0.666666666666667,NA,NA,2.25,0.5,NA,NA,36,13,49,30,6,36,NA,NA,NA,NA,NA,NA,NA,NA,NA,NA,12,4,6,4,3,7,3,0,1,0,0,3,1,1,0,4,10,3,6,2,2,7,3,0,1,0,0,1,0,0,0,1,NA,NA,NA,NA,NA,NA,NA,NA,NA,NA,NA,NA,NA,NA,NA,NA,NA,NA,NA,NA,NA,NA,NA,NA,NA,NA,NA,NA,NA,NA,NA,NA,NA,NA,NA,NA,NA,NA,NA,NA,NA,NA,NA,NA,NA,NA,NA,NA,NA,NA,NA,NA,NA,NA,NA,NA,NA,NA,NA,NA,NA,NA,NA,NA
"286","HK104",238,NA,96850431,88939143,NA,NA,1.5184116581723e-09,7.80897424202896e-10,2.29930908237519e-09,1.22829716808708e-09,4.25179788953219e-10,1.6534769570403e-09,NA,NA,NA,NA,NA,NA,NA,NA,NA,NA,0.842105263157895,0.857142857142857,NA,NA,1.57142857142857,1.25,NA,NA,35,18,53,26,9,35,NA,NA,NA,NA,NA,NA,NA,NA,NA,NA,14,2,9,2,4,4,3,2,2,0,0,3,0,2,0,6,11,1,8,1,3,2,2,1,1,0,0,1,0,2,0,2,NA,NA,NA,NA,NA,NA,NA,NA,NA,NA,NA,NA,NA,NA,NA,NA,NA,NA,NA,NA,NA,NA,NA,NA,NA,NA,NA,NA,NA,NA,NA,NA,NA,NA,NA,NA,NA,NA,NA,NA,NA,NA,NA,NA,NA,NA,NA,NA,NA,NA,NA,NA,NA,NA,NA,NA,NA,NA,NA,NA,NA,NA,NA,NA
"287","HK104",238,NA,96677748,86558425,NA,NA,1.78188788140809e-09,6.95370880549499e-10,2.47725876195759e-09,1.74749603174596e-09,3.39790895061715e-10,2.08728692680768e-09,NA,NA,NA,NA,NA,NA,NA,NA,NA,NA,0.863636363636364,0.8,NA,NA,0.230769230769231,0.166666666666667,NA,NA,41,16,57,36,7,43,NA,NA,NA,NA,NA,NA,NA,NA,NA,NA,16,2,8,3,6,6,9,0,2,1,1,2,0,0,1,0,13,1,8,3,6,5,6,0,0,0,0,1,0,0,0,0,NA,NA,NA,NA,NA,NA,NA,NA,NA,NA,NA,NA,NA,NA,NA,NA,NA,NA,NA,NA,NA,NA,NA,NA,NA,NA,NA,NA,NA,NA,NA,NA,NA,NA,NA,NA,NA,NA,NA,NA,NA,NA,NA,NA,NA,NA,NA,NA,NA,NA,NA,NA,NA,NA,NA,NA,NA,NA,NA,NA,NA,NA,NA,NA
"290","HK104",238,"HK_270",97265866,93273807,100407739,99361823,1.07994737646938e-09,6.47968425881631e-10,1.72791580235101e-09,9.91028218564253e-10,3.60373897659728e-10,1.35140211622398e-09,1.20954106164571e-09,6.04770530822855e-10,1.26130864180905e-09,4.95514109282127e-10,1.33907787239991e-09,6.27692752687456e-10,1.96677062508736e-09,1.31088678637001e-09,4.65153375808715e-10,1.77604016217873e-09,0.666666666666667,0.833333333333333,0.6,0.631578947368421,1.5,1,1.5,1.75,25,15,40,22,8,30,28,14,28,11,32,15,47,31,11,42,7,2,6,3,4,3,2,0,1,1,2,3,2,3,1,0,7,1,6,3,3,2,2,0,1,0,1,2,0,1,1,0,8,2,8,3,3,4,2,0,1,0,2,3,3,2,1,0,8,2,8,3,3,4,2,0,1,0,1,2,2,2,1,0,9,2,8,3,3,7,2,1,1,0,2,3,3,2,1,0,9,2,8,3,3,6,2,0,1,0,1,2,2,2,1,0
"298","HK104",238,NA,96548876,84023725,NA,NA,1.82778500948363e-09,1.0009298861458e-09,2.82871489562943e-09,1.50017652952267e-09,4.50052958856801e-10,1.95022948837947e-09,NA,NA,NA,NA,NA,NA,NA,NA,NA,NA,1.1,1.14285714285714,NA,NA,1.3,0.5,NA,NA,42,23,65,30,9,39,NA,NA,NA,NA,NA,NA,NA,NA,NA,NA,19,3,8,3,2,7,4,1,2,1,2,6,0,4,1,2,14,3,4,2,2,5,3,0,2,0,1,2,0,1,0,0,NA,NA,NA,NA,NA,NA,NA,NA,NA,NA,NA,NA,NA,NA,NA,NA,NA,NA,NA,NA,NA,NA,NA,NA,NA,NA,NA,NA,NA,NA,NA,NA,NA,NA,NA,NA,NA,NA,NA,NA,NA,NA,NA,NA,NA,NA,NA,NA,NA,NA,NA,NA,NA,NA,NA,NA,NA,NA,NA,NA,NA,NA,NA,NA
"300","PB800",238,NA,94809959,55633699,NA,NA,1.63972420738996e-09,7.9770366845998e-10,2.43742787584994e-09,9.81812277833545e-10,2.26572064115433e-10,1.20838434194898e-09,NA,NA,NA,NA,NA,NA,NA,NA,NA,NA,1.05555555555556,0.625,NA,NA,2,0,NA,NA,37,18,55,13,3,16,NA,NA,NA,NA,NA,NA,NA,NA,NA,NA,15,1,8,4,4,5,2,0,1,0,3,6,1,1,0,4,3,1,4,2,0,3,2,0,1,0,0,0,0,0,0,0,NA,NA,NA,NA,NA,NA,NA,NA,NA,NA,NA,NA,NA,NA,NA,NA,NA,NA,NA,NA,NA,NA,NA,NA,NA,NA,NA,NA,NA,NA,NA,NA,NA,NA,NA,NA,NA,NA,NA,NA,NA,NA,NA,NA,NA,NA,NA,NA,NA,NA,NA,NA,NA,NA,NA,NA,NA,NA,NA,NA,NA,NA,NA,NA
"302","PB800",238,NA,96801832,88595575,NA,NA,2.30046344195482e-09,6.94479529646738e-10,2.99494297160156e-09,1.56503823339793e-09,3.3197780708441e-10,1.89701604048234e-09,NA,NA,NA,NA,NA,NA,NA,NA,NA,NA,0.892857142857143,0.736842105263158,NA,NA,0.777777777777778,1.33333333333333,NA,NA,53,16,69,33,7,40,NA,NA,NA,NA,NA,NA,NA,NA,NA,NA,15,4,12,10,5,7,2,1,2,2,2,4,1,0,0,2,11,4,9,3,3,3,1,1,1,0,0,4,0,0,0,0,NA,NA,NA,NA,NA,NA,NA,NA,NA,NA,NA,NA,NA,NA,NA,NA,NA,NA,NA,NA,NA,NA,NA,NA,NA,NA,NA,NA,NA,NA,NA,NA,NA,NA,NA,NA,NA,NA,NA,NA,NA,NA,NA,NA,NA,NA,NA,NA,NA,NA,NA,NA,NA,NA,NA,NA,NA,NA,NA,NA,NA,NA,NA,NA
"303","PB800",238,NA,95937669,78294839,NA,NA,1.97081742993048e-09,6.13143200422815e-10,2.58396063035329e-09,1.77094000007937e-09,3.21989090923521e-10,2.09292909100289e-09,NA,NA,NA,NA,NA,NA,NA,NA,NA,NA,0.8,1.2,NA,NA,1.33333333333333,1,NA,NA,45,14,59,33,6,39,NA,NA,NA,NA,NA,NA,NA,NA,NA,NA,15,5,9,5,2,9,2,2,0,2,0,4,0,0,1,3,13,3,6,5,1,5,1,1,0,1,0,3,0,0,0,0,NA,NA,NA,NA,NA,NA,NA,NA,NA,NA,NA,NA,NA,NA,NA,NA,NA,NA,NA,NA,NA,NA,NA,NA,NA,NA,NA,NA,NA,NA,NA,NA,NA,NA,NA,NA,NA,NA,NA,NA,NA,NA,NA,NA,NA,NA,NA,NA,NA,NA,NA,NA,NA,NA,NA,NA,NA,NA,NA,NA,NA,NA,NA,NA
"306","PB800",238,NA,96499166,87108932,NA,NA,1.08852771646464e-09,3.04787760610101e-10,1.39331547707475e-09,7.23521786308132e-10,1.44704357261626e-10,8.68226143569759e-10,NA,NA,NA,NA,NA,NA,NA,NA,NA,NA,0.923076923076923,0.875,NA,NA,1.33333333333333,0.5,NA,NA,25,7,32,15,3,18,NA,NA,NA,NA,NA,NA,NA,NA,NA,NA,10,2,5,2,0,6,2,0,0,0,1,0,1,1,0,2,6,2,3,1,0,3,2,0,0,0,0,0,0,1,0,0,NA,NA,NA,NA,NA,NA,NA,NA,NA,NA,NA,NA,NA,NA,NA,NA,NA,NA,NA,NA,NA,NA,NA,NA,NA,NA,NA,NA,NA,NA,NA,NA,NA,NA,NA,NA,NA,NA,NA,NA,NA,NA,NA,NA,NA,NA,NA,NA,NA,NA,NA,NA,NA,NA,NA,NA,NA,NA,NA,NA,NA,NA,NA,NA
"308","PB800",238,NA,97339302,93825539,NA,NA,1.42445506939092e-09,7.3381018726199e-10,2.15826525665291e-09,1.20910979420284e-09,3.13472909608144e-10,1.52258270381098e-09,NA,NA,NA,NA,NA,NA,NA,NA,NA,NA,1.2,0.8,NA,NA,0.888888888888889,0.4,NA,NA,33,17,50,27,7,34,NA,NA,NA,NA,NA,NA,NA,NA,NA,NA,11,3,6,7,4,2,3,0,2,2,2,1,3,2,1,1,8,3,6,4,4,2,0,0,2,1,2,0,1,0,1,0,NA,NA,NA,NA,NA,NA,NA,NA,NA,NA,NA,NA,NA,NA,NA,NA,NA,NA,NA,NA,NA,NA,NA,NA,NA,NA,NA,NA,NA,NA,NA,NA,NA,NA,NA,NA,NA,NA,NA,NA,NA,NA,NA,NA,NA,NA,NA,NA,NA,NA,NA,NA,NA,NA,NA,NA,NA,NA,NA,NA,NA,NA,NA,NA
"310","PB800",238,"PB_310",96877845,90491526,100317757,99224146,1.95169112455072e-09,4.77080052667955e-10,2.42877117721868e-09,1.76440681911164e-09,3.71454067181398e-10,2.13586088629304e-09,2.21191660782416e-09,5.2045096654686e-10,2.22872440308839e-09,2.78590550386049e-10,2.26172078690437e-09,5.02604619312081e-10,2.76432540621645e-09,2.11726723869657e-09,2.54072068643588e-10,2.37133930734016e-09,1.14285714285714,1.375,1.07692307692308,1.08333333333333,0.571428571428571,0.142857142857143,0.714285714285714,0.2,45,11,56,38,8,46,51,12,48,6,54,12,66,50,6,56,15,3,8,9,5,5,4,1,0,1,1,2,0,0,0,2,13,2,7,9,5,2,4,1,0,1,1,1,0,0,0,0,18,3,8,9,5,8,4,2,0,1,0,1,1,1,0,2,16,2,8,9,5,8,3,1,0,1,0,1,0,0,0,0,18,3,8,10,5,10,4,2,0,1,0,1,1,1,0,2,16,2,8,10,5,9,3,1,0,1,0,1,0,0,0,0
"311","PB800",238,NA,95354963,66264763,NA,NA,1.9387973500638e-09,4.40635761378137e-10,2.37943311144194e-09,1.96563142978925e-09,1.90222396431218e-10,2.15585382622047e-09,NA,NA,NA,NA,NA,NA,NA,NA,NA,NA,1,1.06666666666667,NA,NA,1,0.5,NA,NA,44,10,54,31,3,34,NA,NA,NA,NA,NA,NA,NA,NA,NA,NA,17,5,10,5,2,5,4,1,0,0,0,2,0,3,0,0,12,4,6,4,1,4,1,1,0,0,0,0,0,1,0,0,NA,NA,NA,NA,NA,NA,NA,NA,NA,NA,NA,NA,NA,NA,NA,NA,NA,NA,NA,NA,NA,NA,NA,NA,NA,NA,NA,NA,NA,NA,NA,NA,NA,NA,NA,NA,NA,NA,NA,NA,NA,NA,NA,NA,NA,NA,NA,NA,NA,NA,NA,NA,NA,NA,NA,NA,NA,NA,NA,NA,NA,NA,NA,NA
"312","PB800",238,NA,97181950,92376954,NA,NA,1.77264304290072e-09,3.02646373178171e-10,2.07528941607889e-09,1.3190382906087e-09,2.27420394932534e-10,1.54645868554123e-09,NA,NA,NA,NA,NA,NA,NA,NA,NA,NA,0.64,0.611111111111111,NA,NA,0.4,0.666666666666667,NA,NA,41,7,48,29,5,34,NA,NA,NA,NA,NA,NA,NA,NA,NA,NA,13,2,12,3,2,9,4,0,1,0,0,2,0,0,0,0,9,1,8,2,2,7,2,0,1,0,0,2,0,0,0,0,NA,NA,NA,NA,NA,NA,NA,NA,NA,NA,NA,NA,NA,NA,NA,NA,NA,NA,NA,NA,NA,NA,NA,NA,NA,NA,NA,NA,NA,NA,NA,NA,NA,NA,NA,NA,NA,NA,NA,NA,NA,NA,NA,NA,NA,NA,NA,NA,NA,NA,NA,NA,NA,NA,NA,NA,NA,NA,NA,NA,NA,NA,NA,NA
"313","PB800",238,NA,96422949,83137046,NA,NA,2.04804969817547e-09,6.10057356903331e-10,2.6581070550788e-09,1.81941157978695e-09,4.54852894946739e-10,2.27426447473369e-09,NA,NA,NA,NA,NA,NA,NA,NA,NA,NA,0.740740740740741,0.894736842105263,NA,NA,0.4,0.5,NA,NA,47,14,61,36,9,45,NA,NA,NA,NA,NA,NA,NA,NA,NA,NA,13,5,12,7,3,7,6,2,1,1,0,3,0,0,0,1,12,4,7,5,2,6,3,1,1,1,0,3,0,0,0,0,NA,NA,NA,NA,NA,NA,NA,NA,NA,NA,NA,NA,NA,NA,NA,NA,NA,NA,NA,NA,NA,NA,NA,NA,NA,NA,NA,NA,NA,NA,NA,NA,NA,NA,NA,NA,NA,NA,NA,NA,NA,NA,NA,NA,NA,NA,NA,NA,NA,NA,NA,NA,NA,NA,NA,NA,NA,NA,NA,NA,NA,NA,NA,NA
"314","PB800",238,NA,96646386,86746622,NA,NA,1.86941567486614e-09,4.34747831364218e-10,2.30416350623035e-09,1.64683234417062e-09,1.45308736250349e-10,1.79214108042097e-09,NA,NA,NA,NA,NA,NA,NA,NA,NA,NA,0.869565217391304,0.789473684210526,NA,NA,0.428571428571429,0,NA,NA,43,10,53,34,3,37,NA,NA,NA,NA,NA,NA,NA,NA,NA,NA,12,9,3,8,6,5,4,1,1,0,1,0,0,1,0,2,9,6,3,6,5,5,1,1,0,0,1,0,0,0,0,0,NA,NA,NA,NA,NA,NA,NA,NA,NA,NA,NA,NA,NA,NA,NA,NA,NA,NA,NA,NA,NA,NA,NA,NA,NA,NA,NA,NA,NA,NA,NA,NA,NA,NA,NA,NA,NA,NA,NA,NA,NA,NA,NA,NA,NA,NA,NA,NA,NA,NA,NA,NA,NA,NA,NA,NA,NA,NA,NA,NA,NA,NA,NA,NA
"315","PB800",238,NA,95974510,75609326,NA,NA,NA,NA,NA,NA,NA,NA,NA,NA,NA,NA,NA,NA,NA,NA,NA,NA,NA,NA,NA,NA,NA,NA,NA,NA,NA,NA,NA,NA,NA,NA,NA,NA,NA,NA,NA,NA,NA,NA,NA,NA,NA,NA,NA,NA,NA,NA,NA,NA,NA,NA,NA,NA,NA,NA,NA,NA,NA,NA,NA,NA,NA,NA,NA,NA,NA,NA,NA,NA,NA,NA,NA,NA,NA,NA,NA,NA,NA,NA,NA,NA,NA,NA,NA,NA,NA,NA,NA,NA,NA,NA,NA,NA,NA,NA,NA,NA,NA,NA,NA,NA,NA,NA,NA,NA,NA,NA,NA,NA,NA,NA,NA,NA,NA,NA,NA,NA,NA,NA,NA,NA,NA,NA,NA,NA,NA,NA,NA,NA,NA,NA,NA,NA,NA,NA,NA,NA
"316","PB800",238,NA,95846462,73520624,NA,NA,2.23571856294199e-09,4.82213807693371e-10,2.71793237063536e-09,1.94308936846269e-09,1.14299374615452e-10,2.05738874307814e-09,NA,NA,NA,NA,NA,NA,NA,NA,NA,NA,1.125,1.42857142857143,NA,NA,2.66666666666667,1,NA,NA,51,11,62,34,2,36,NA,NA,NA,NA,NA,NA,NA,NA,NA,NA,21,7,10,6,2,5,1,0,1,1,0,4,1,1,1,1,15,5,7,5,0,2,0,0,0,1,0,1,0,0,0,0,NA,NA,NA,NA,NA,NA,NA,NA,NA,NA,NA,NA,NA,NA,NA,NA,NA,NA,NA,NA,NA,NA,NA,NA,NA,NA,NA,NA,NA,NA,NA,NA,NA,NA,NA,NA,NA,NA,NA,NA,NA,NA,NA,NA,NA,NA,NA,NA,NA,NA,NA,NA,NA,NA,NA,NA,NA,NA,NA,NA,NA,NA,NA,NA
"319","PB800",238,NA,96798020,87599661,NA,NA,1.73626719731206e-09,3.0384675952961e-10,2.04011395684167e-09,1.43893730556865e-09,1.43893730556865e-10,1.58283103612552e-09,NA,NA,NA,NA,NA,NA,NA,NA,NA,NA,0.538461538461538,0.578947368421053,NA,NA,0.166666666666667,0.5,NA,NA,40,7,47,30,3,33,NA,NA,NA,NA,NA,NA,NA,NA,NA,NA,13,6,6,1,5,9,3,2,1,0,0,0,0,1,0,0,10,5,3,1,4,7,2,0,0,0,0,0,0,1,0,0,NA,NA,NA,NA,NA,NA,NA,NA,NA,NA,NA,NA,NA,NA,NA,NA,NA,NA,NA,NA,NA,NA,NA,NA,NA,NA,NA,NA,NA,NA,NA,NA,NA,NA,NA,NA,NA,NA,NA,NA,NA,NA,NA,NA,NA,NA,NA,NA,NA,NA,NA,NA,NA,NA,NA,NA,NA,NA,NA,NA,NA,NA,NA,NA
"320","PB800",238,NA,97206428,92619164,NA,NA,2.11799113677108e-09,8.64486178273912e-10,2.98247731504499e-09,1.58777964708699e-09,3.62921062191311e-10,1.9507007092783e-09,NA,NA,NA,NA,NA,NA,NA,NA,NA,NA,1.57894736842105,2.18181818181818,NA,NA,0.666666666666667,0.333333333333333,NA,NA,49,20,69,35,8,43,NA,NA,NA,NA,NA,NA,NA,NA,NA,NA,19,3,6,11,5,5,6,2,1,2,1,3,1,2,0,2,13,2,3,11,4,2,3,2,0,1,0,1,0,1,0,0,NA,NA,NA,NA,NA,NA,NA,NA,NA,NA,NA,NA,NA,NA,NA,NA,NA,NA,NA,NA,NA,NA,NA,NA,NA,NA,NA,NA,NA,NA,NA,NA,NA,NA,NA,NA,NA,NA,NA,NA,NA,NA,NA,NA,NA,NA,NA,NA,NA,NA,NA,NA,NA,NA,NA,NA,NA,NA,NA,NA,NA,NA,NA,NA
"323","PB800",238,NA,97030425,89568312,NA,NA,1.21247597156798e-09,6.92843412324562e-10,1.90531938389255e-09,9.85117304852715e-10,6.0983452205168e-10,1.59495182690440e-09,NA,NA,NA,NA,NA,NA,NA,NA,NA,NA,1.15384615384615,0.75,NA,NA,0.333333333333333,0.181818181818182,NA,NA,28,16,44,21,13,34,NA,NA,NA,NA,NA,NA,NA,NA,NA,NA,11,3,3,4,3,4,4,3,4,0,1,1,2,1,0,0,6,2,3,3,3,4,3,3,4,0,1,1,1,0,0,0,NA,NA,NA,NA,NA,NA,NA,NA,NA,NA,NA,NA,NA,NA,NA,NA,NA,NA,NA,NA,NA,NA,NA,NA,NA,NA,NA,NA,NA,NA,NA,NA,NA,NA,NA,NA,NA,NA,NA,NA,NA,NA,NA,NA,NA,NA,NA,NA,NA,NA,NA,NA,NA,NA,NA,NA,NA,NA,NA,NA,NA,NA,NA,NA
"325","PB800",238,NA,93521399,42429737,NA,NA,1.1231869703609e-09,6.28984703402103e-10,1.752171673763e-09,6.93187532741067e-10,9.9026790391581e-11,7.92214323132648e-10,NA,NA,NA,NA,NA,NA,NA,NA,NA,NA,1.08333333333333,0.4,NA,NA,1.8,Inf,NA,NA,25,14,39,7,1,8,NA,NA,NA,NA,NA,NA,NA,NA,NA,NA,8,1,6,5,2,3,2,1,1,1,0,5,1,2,1,0,1,1,4,1,0,0,0,0,0,0,0,1,0,0,0,0,NA,NA,NA,NA,NA,NA,NA,NA,NA,NA,NA,NA,NA,NA,NA,NA,NA,NA,NA,NA,NA,NA,NA,NA,NA,NA,NA,NA,NA,NA,NA,NA,NA,NA,NA,NA,NA,NA,NA,NA,NA,NA,NA,NA,NA,NA,NA,NA,NA,NA,NA,NA,NA,NA,NA,NA,NA,NA,NA,NA,NA,NA,NA,NA
"329","PB800",238,"PB_329",97256986,93190117,100416886,99395216,1.20965149818163e-09,3.02412874545406e-10,1.51206437272703e-09,1.0820926014553e-09,1.80348766909217e-10,1.26244136836452e-09,1.33925701584394e-09,3.02412874545406e-10,1.35261575181912e-09,1.80348766909217e-10,1.96659147144474e-09,3.34738973862934e-10,2.30133044530767e-09,1.43726376988952e-09,1.6908985528112e-10,1.60635362517064e-09,1.33333333333333,0.846153846153846,0.88,0.789473684210526,2.5,3,3,3,28,7,35,24,4,28,31,7,30,4,47,8,55,34,4,38,14,1,4,2,2,5,1,0,0,1,0,3,0,1,0,1,11,1,5,0,3,4,0,0,0,1,0,3,0,0,0,0,14,1,5,2,3,6,1,0,0,1,0,3,0,1,0,1,13,1,5,2,3,6,0,0,0,1,0,2,0,1,0,0,16,2,10,6,5,8,1,0,0,1,0,4,0,1,0,1,13,1,9,2,3,6,0,0,0,1,0,2,0,1,0,0
"331","PB800",238,NA,96822463,90208809,NA,NA,1.909411760986e-09,3.47165774724727e-10,2.25657753571073e-09,1.49047285961402e-09,1.86309107451753e-10,1.67678196706577e-09,NA,NA,NA,NA,NA,NA,NA,NA,NA,NA,0.76,0.777777777777778,NA,NA,0.6,0.333333333333333,NA,NA,44,8,52,32,4,36,NA,NA,NA,NA,NA,NA,NA,NA,NA,NA,16,5,10,3,6,4,1,2,2,0,0,2,0,1,0,0,11,5,7,3,4,2,0,1,2,0,0,1,0,0,0,0,NA,NA,NA,NA,NA,NA,NA,NA,NA,NA,NA,NA,NA,NA,NA,NA,NA,NA,NA,NA,NA,NA,NA,NA,NA,NA,NA,NA,NA,NA,NA,NA,NA,NA,NA,NA,NA,NA,NA,NA,NA,NA,NA,NA,NA,NA,NA,NA,NA,NA,NA,NA,NA,NA,NA,NA,NA,NA,NA,NA,NA,NA,NA,NA
"334","PB800",238,NA,97008176,91915776,NA,NA,1.64588050337343e-09,3.8981380343055e-10,2.03569430680398e-09,1.55421788374112e-09,3.19986034887878e-10,1.874203918629e-09,NA,NA,NA,NA,NA,NA,NA,NA,NA,NA,1.11111111111111,1,NA,NA,0.8,0.75,NA,NA,38,9,47,34,7,41,NA,NA,NA,NA,NA,NA,NA,NA,NA,NA,11,2,6,9,2,8,2,1,0,1,1,1,2,1,0,0,8,2,5,9,2,8,2,1,0,1,0,0,2,1,0,0,NA,NA,NA,NA,NA,NA,NA,NA,NA,NA,NA,NA,NA,NA,NA,NA,NA,NA,NA,NA,NA,NA,NA,NA,NA,NA,NA,NA,NA,NA,NA,NA,NA,NA,NA,NA,NA,NA,NA,NA,NA,NA,NA,NA,NA,NA,NA,NA,NA,NA,NA,NA,NA,NA,NA,NA,NA,NA,NA,NA,NA,NA,NA,NA
"336","PB800",238,NA,96384887,81571982,NA,NA,1.83089479821971e-09,6.10298266073235e-10,2.44119306429294e-09,1.54526612051755e-09,4.12070965471346e-10,1.95733708598889e-09,NA,NA,NA,NA,NA,NA,NA,NA,NA,NA,0.826086956521739,1.14285714285714,NA,NA,0.75,0.6,NA,NA,42,14,56,30,8,38,NA,NA,NA,NA,NA,NA,NA,NA,NA,NA,14,4,6,5,7,6,3,0,1,3,1,3,0,0,1,2,11,3,4,5,4,3,2,0,1,2,0,1,0,0,1,1,NA,NA,NA,NA,NA,NA,NA,NA,NA,NA,NA,NA,NA,NA,NA,NA,NA,NA,NA,NA,NA,NA,NA,NA,NA,NA,NA,NA,NA,NA,NA,NA,NA,NA,NA,NA,NA,NA,NA,NA,NA,NA,NA,NA,NA,NA,NA,NA,NA,NA,NA,NA,NA,NA,NA,NA,NA,NA,NA,NA,NA,NA,NA,NA
"337","PB800",238,NA,97064547,92504628,NA,NA,2.20766202396962e-09,5.19449887992852e-10,2.72711191196247e-09,1.86227339418116e-09,3.1794911607971e-10,2.18022251026087e-09,NA,NA,NA,NA,NA,NA,NA,NA,NA,NA,1.04,1.05,NA,NA,0.5,0.166666666666667,NA,NA,51,12,63,41,7,48,NA,NA,NA,NA,NA,NA,NA,NA,NA,NA,21,4,6,5,6,9,4,1,2,0,1,3,0,0,0,1,16,4,4,5,4,8,4,1,1,0,0,1,0,0,0,0,NA,NA,NA,NA,NA,NA,NA,NA,NA,NA,NA,NA,NA,NA,NA,NA,NA,NA,NA,NA,NA,NA,NA,NA,NA,NA,NA,NA,NA,NA,NA,NA,NA,NA,NA,NA,NA,NA,NA,NA,NA,NA,NA,NA,NA,NA,NA,NA,NA,NA,NA,NA,NA,NA,NA,NA,NA,NA,NA,NA,NA,NA,NA,NA
"343","PB800",238,"PB_342",96261915,79230374,100217674,99068581,1.745936873277e-09,2.18242109159625e-10,1.96417898243662e-09,1.37881082675429e-09,1.06062371288792e-10,1.48487319804308e-09,2.00782740426855e-09,2.6189053099155e-10,1.75002912626506e-09,2.12124742577583e-10,2.80901156259141e-09,2.51553274261918e-10,3.06056483685333e-09,2.24782744824267e-09,1.69647354584352e-10,2.41747480282702e-09,1.10526315789474,1.16666666666667,0.861111111111111,0.892857142857143,0,0,0,0,40,5,45,26,2,28,46,6,33,4,67,6,73,53,4,57,11,5,7,10,2,5,1,0,2,2,0,0,0,0,0,0,7,4,4,7,1,3,0,0,1,1,0,0,0,0,0,0,13,5,8,10,4,6,2,0,2,2,0,0,0,0,0,0,10,4,6,8,2,3,1,0,2,1,0,0,0,0,0,0,17,7,10,14,10,9,2,0,2,2,0,0,0,0,0,0,14,6,8,11,8,6,1,0,2,1,0,0,0,0,0,0
"345","PB800",238,NA,97185717,92969658,NA,NA,1.77257433376784e-09,6.05269284701215e-10,2.37784361846906e-09,1.44621142429722e-09,2.71164642055728e-10,1.71737606635294e-09,NA,NA,NA,NA,NA,NA,NA,NA,NA,NA,0.863636363636364,0.777777777777778,NA,NA,1.8,0.5,NA,NA,41,14,55,32,6,38,NA,NA,NA,NA,NA,NA,NA,NA,NA,NA,14,4,8,5,2,8,2,0,2,0,1,2,0,3,1,3,11,3,7,3,2,6,2,0,1,0,1,1,0,1,0,0,NA,NA,NA,NA,NA,NA,NA,NA,NA,NA,NA,NA,NA,NA,NA,NA,NA,NA,NA,NA,NA,NA,NA,NA,NA,NA,NA,NA,NA,NA,NA,NA,NA,NA,NA,NA,NA,NA,NA,NA,NA,NA,NA,NA,NA,NA,NA,NA,NA,NA,NA,NA,NA,NA,NA,NA,NA,NA,NA,NA,NA,NA,NA,NA
"346","PB800",238,NA,96571522,84927354,NA,NA,1.69683093757689e-09,7.39644254841209e-10,2.4364751924181e-09,1.5831622578587e-09,2.47369102790422e-10,1.83053136064912e-09,NA,NA,NA,NA,NA,NA,NA,NA,NA,NA,0.5,0.523809523809524,NA,NA,4.66666666666667,Inf,NA,NA,39,17,56,32,5,37,NA,NA,NA,NA,NA,NA,NA,NA,NA,NA,9,2,12,4,3,9,0,0,1,0,2,6,2,1,2,3,7,2,11,4,3,5,0,0,0,0,0,2,1,1,0,1,NA,NA,NA,NA,NA,NA,NA,NA,NA,NA,NA,NA,NA,NA,NA,NA,NA,NA,NA,NA,NA,NA,NA,NA,NA,NA,NA,NA,NA,NA,NA,NA,NA,NA,NA,NA,NA,NA,NA,NA,NA,NA,NA,NA,NA,NA,NA,NA,NA,NA,NA,NA,NA,NA,NA,NA,NA,NA,NA,NA,NA,NA,NA,NA
"347","PB800",238,NA,95830106,72010414,NA,NA,1.13997262487627e-09,5.26141211481357e-10,1.66611383635763e-09,8.7522354869441e-10,2.33392946318509e-10,1.10861649501292e-09,NA,NA,NA,NA,NA,NA,NA,NA,NA,NA,1,0.666666666666667,NA,NA,0.714285714285714,0.333333333333333,NA,NA,26,12,38,15,4,19,NA,NA,NA,NA,NA,NA,NA,NA,NA,NA,9,3,5,4,2,3,4,0,2,1,0,2,2,0,0,1,3,3,2,3,2,2,0,0,2,1,0,1,0,0,0,0,NA,NA,NA,NA,NA,NA,NA,NA,NA,NA,NA,NA,NA,NA,NA,NA,NA,NA,NA,NA,NA,NA,NA,NA,NA,NA,NA,NA,NA,NA,NA,NA,NA,NA,NA,NA,NA,NA,NA,NA,NA,NA,NA,NA,NA,NA,NA,NA,NA,NA,NA,NA,NA,NA,NA,NA,NA,NA,NA,NA,NA,NA,NA,NA
"349","PB800",238,NA,96557001,86671351,NA,NA,2.21926646505637e-09,4.7866531599255e-10,2.69793178104892e-09,1.55130593859792e-09,2.90869863487111e-10,1.84217580208503e-09,NA,NA,NA,NA,NA,NA,NA,NA,NA,NA,0.545454545454545,0.523809523809524,NA,NA,2.66666666666667,1,NA,NA,51,11,62,32,6,38,NA,NA,NA,NA,NA,NA,NA,NA,NA,NA,11,4,6,7,9,14,0,0,3,0,0,5,1,0,0,2,5,3,4,6,3,11,0,0,3,0,0,2,1,0,0,0,NA,NA,NA,NA,NA,NA,NA,NA,NA,NA,NA,NA,NA,NA,NA,NA,NA,NA,NA,NA,NA,NA,NA,NA,NA,NA,NA,NA,NA,NA,NA,NA,NA,NA,NA,NA,NA,NA,NA,NA,NA,NA,NA,NA,NA,NA,NA,NA,NA,NA,NA,NA,NA,NA,NA,NA,NA,NA,NA,NA,NA,NA,NA,NA
"350","PB800",238,NA,95890746,72422960,NA,NA,1.5336080869515e-09,5.69625860867698e-10,2.10323394781919e-09,1.16031730055466e-09,1.16031730055466e-10,1.27634903061013e-09,NA,NA,NA,NA,NA,NA,NA,NA,NA,NA,0.590909090909091,0.428571428571429,NA,NA,2.25,1,NA,NA,35,13,48,20,2,22,NA,NA,NA,NA,NA,NA,NA,NA,NA,NA,8,3,13,5,3,3,3,1,0,0,0,3,0,1,2,3,4,3,8,2,1,2,1,0,0,0,0,1,0,0,0,0,NA,NA,NA,NA,NA,NA,NA,NA,NA,NA,NA,NA,NA,NA,NA,NA,NA,NA,NA,NA,NA,NA,NA,NA,NA,NA,NA,NA,NA,NA,NA,NA,NA,NA,NA,NA,NA,NA,NA,NA,NA,NA,NA,NA,NA,NA,NA,NA,NA,NA,NA,NA,NA,NA,NA,NA,NA,NA,NA,NA,NA,NA,NA,NA
"354","PB800",238,NA,96507795,82812772,NA,NA,NA,NA,NA,NA,NA,NA,NA,NA,NA,NA,NA,NA,NA,NA,NA,NA,NA,NA,NA,NA,NA,NA,NA,NA,NA,NA,NA,NA,NA,NA,NA,NA,NA,NA,NA,NA,NA,NA,NA,NA,NA,NA,NA,NA,NA,NA,NA,NA,NA,NA,NA,NA,NA,NA,NA,NA,NA,NA,NA,NA,NA,NA,NA,NA,NA,NA,NA,NA,NA,NA,NA,NA,NA,NA,NA,NA,NA,NA,NA,NA,NA,NA,NA,NA,NA,NA,NA,NA,NA,NA,NA,NA,NA,NA,NA,NA,NA,NA,NA,NA,NA,NA,NA,NA,NA,NA,NA,NA,NA,NA,NA,NA,NA,NA,NA,NA,NA,NA,NA,NA,NA,NA,NA,NA,NA,NA,NA,NA,NA,NA,NA,NA,NA,NA,NA,NA
"355","PB800",238,NA,96833337,87019584,NA,NA,1.4318980062091e-09,3.90517638057027e-10,1.82241564426613e-09,1.15882346822589e-09,1.93137244704314e-10,1.3519607129302e-09,NA,NA,NA,NA,NA,NA,NA,NA,NA,NA,0.833333333333333,1.18181818181818,NA,NA,0.8,0,NA,NA,33,9,42,24,4,28,NA,NA,NA,NA,NA,NA,NA,NA,NA,NA,9,2,4,6,3,9,0,1,2,1,1,0,0,2,2,0,8,2,2,5,2,5,0,1,2,0,1,0,0,0,0,0,NA,NA,NA,NA,NA,NA,NA,NA,NA,NA,NA,NA,NA,NA,NA,NA,NA,NA,NA,NA,NA,NA,NA,NA,NA,NA,NA,NA,NA,NA,NA,NA,NA,NA,NA,NA,NA,NA,NA,NA,NA,NA,NA,NA,NA,NA,NA,NA,NA,NA,NA,NA,NA,NA,NA,NA,NA,NA,NA,NA,NA,NA,NA,NA
"357","PB800",238,NA,96612591,84486814,NA,NA,NA,NA,NA,NA,NA,NA,NA,NA,NA,NA,NA,NA,NA,NA,NA,NA,NA,NA,NA,NA,NA,NA,NA,NA,NA,NA,NA,NA,NA,NA,NA,NA,NA,NA,NA,NA,NA,NA,NA,NA,NA,NA,NA,NA,NA,NA,NA,NA,NA,NA,NA,NA,NA,NA,NA,NA,NA,NA,NA,NA,NA,NA,NA,NA,NA,NA,NA,NA,NA,NA,NA,NA,NA,NA,NA,NA,NA,NA,NA,NA,NA,NA,NA,NA,NA,NA,NA,NA,NA,NA,NA,NA,NA,NA,NA,NA,NA,NA,NA,NA,NA,NA,NA,NA,NA,NA,NA,NA,NA,NA,NA,NA,NA,NA,NA,NA,NA,NA,NA,NA,NA,NA,NA,NA,NA,NA,NA,NA,NA,NA,NA,NA,NA,NA,NA,NA
"358","PB800",238,"PB_358",96588350,83767832,100264154,99092046,1.65303440369588e-09,5.22010864325013e-10,2.17504526802089e-09,1.50475925135638e-09,2.50793208559397e-10,1.75555245991578e-09,2.04454255193964e-09,3.9150814824376e-10,2.05650431018706e-09,2.00634566847518e-10,2.09530550283649e-09,4.19061100567298e-10,2.51436660340379e-09,1.86567900293261e-09,2.12008977605978e-10,2.07768798053858e-09,1,1.30769230769231,0.785714285714286,1,1,0.666666666666667,1.5,0.666666666666667,38,12,50,30,5,35,47,9,41,4,50,10,60,44,5,49,13,3,7,6,2,7,1,1,1,2,1,1,2,2,0,1,12,3,4,5,1,5,1,1,1,0,0,0,1,1,0,0,14,6,8,6,3,10,2,0,1,1,0,1,2,1,0,1,14,6,4,6,2,9,2,0,1,0,0,0,1,0,0,0,14,6,8,8,4,10,2,0,1,1,0,1,2,1,0,2,14,6,4,8,3,9,2,0,1,0,0,0,1,0,0,1
"363","PB800",238,NA,96584482,88956229,NA,NA,2.17513237388844e-09,6.09037064688763e-10,2.7841694385772e-09,1.60592624555997e-09,3.30631874085876e-10,1.93655811964585e-09,NA,NA,NA,NA,NA,NA,NA,NA,NA,NA,1,0.888888888888889,NA,NA,6,2.5,NA,NA,50,14,64,34,7,41,NA,NA,NA,NA,NA,NA,NA,NA,NA,NA,19,5,9,6,5,6,2,0,0,0,0,7,0,2,1,2,12,4,6,4,4,4,2,0,0,0,0,4,0,1,0,0,NA,NA,NA,NA,NA,NA,NA,NA,NA,NA,NA,NA,NA,NA,NA,NA,NA,NA,NA,NA,NA,NA,NA,NA,NA,NA,NA,NA,NA,NA,NA,NA,NA,NA,NA,NA,NA,NA,NA,NA,NA,NA,NA,NA,NA,NA,NA,NA,NA,NA,NA,NA,NA,NA,NA,NA,NA,NA,NA,NA,NA,NA,NA,NA
"365","PB800",238,NA,96507280,80956752,NA,NA,1.91564770636818e-09,5.65986822336054e-10,2.48163452870424e-09,1.40130841898475e-09,3.114018708855e-10,1.71271028987025e-09,NA,NA,NA,NA,NA,NA,NA,NA,NA,NA,0.91304347826087,0.6875,NA,NA,0.857142857142857,1,NA,NA,44,13,57,27,6,33,NA,NA,NA,NA,NA,NA,NA,NA,NA,NA,14,5,4,7,8,6,4,0,2,0,1,3,1,0,0,2,9,4,2,2,5,5,2,0,1,0,0,2,1,0,0,0,NA,NA,NA,NA,NA,NA,NA,NA,NA,NA,NA,NA,NA,NA,NA,NA,NA,NA,NA,NA,NA,NA,NA,NA,NA,NA,NA,NA,NA,NA,NA,NA,NA,NA,NA,NA,NA,NA,NA,NA,NA,NA,NA,NA,NA,NA,NA,NA,NA,NA,NA,NA,NA,NA,NA,NA,NA,NA,NA,NA,NA,NA,NA,NA
"366","PB800",238,NA,96643645,83316613,NA,NA,1.60861259810668e-09,9.12996339465953e-10,2.52160893757263e-09,1.56333888465121e-09,3.53012006211563e-10,1.91635089086277e-09,NA,NA,NA,NA,NA,NA,NA,NA,NA,NA,0.681818181818182,0.631578947368421,NA,NA,1.33333333333333,0.4,NA,NA,37,21,58,31,7,38,NA,NA,NA,NA,NA,NA,NA,NA,NA,NA,11,3,9,4,7,3,4,1,1,1,2,7,1,2,1,1,8,2,8,4,7,2,2,1,1,0,1,2,0,0,0,0,NA,NA,NA,NA,NA,NA,NA,NA,NA,NA,NA,NA,NA,NA,NA,NA,NA,NA,NA,NA,NA,NA,NA,NA,NA,NA,NA,NA,NA,NA,NA,NA,NA,NA,NA,NA,NA,NA,NA,NA,NA,NA,NA,NA,NA,NA,NA,NA,NA,NA,NA,NA,NA,NA,NA,NA,NA,NA,NA,NA,NA,NA,NA,NA
"367","PB800",238,NA,96855726,90767092,NA,NA,1.86537519637779e-09,5.20569822244964e-10,2.38594501862275e-09,1.48130537786321e-09,2.31453965291127e-10,1.71275934315434e-09,NA,NA,NA,NA,NA,NA,NA,NA,NA,NA,0.653846153846154,0.454545454545455,NA,NA,0.714285714285714,1.5,NA,NA,43,12,55,32,5,37,NA,NA,NA,NA,NA,NA,NA,NA,NA,NA,9,5,6,8,6,9,4,0,2,1,0,2,1,1,0,1,5,5,6,5,4,7,1,0,1,0,0,1,1,1,0,0,NA,NA,NA,NA,NA,NA,NA,NA,NA,NA,NA,NA,NA,NA,NA,NA,NA,NA,NA,NA,NA,NA,NA,NA,NA,NA,NA,NA,NA,NA,NA,NA,NA,NA,NA,NA,NA,NA,NA,NA,NA,NA,NA,NA,NA,NA,NA,NA,NA,NA,NA,NA,NA,NA,NA,NA,NA,NA,NA,NA,NA,NA,NA,NA
"368","PB800",238,NA,96016002,75630916,NA,NA,1.44408701983732e-09,7.4392361627983e-10,2.18801063611715e-09,1.16665642549731e-09,4.44440543046593e-10,1.6110969685439e-09,NA,NA,NA,NA,NA,NA,NA,NA,NA,NA,0.736842105263158,1.1,NA,NA,1.42857142857143,1,NA,NA,33,17,50,21,8,29,NA,NA,NA,NA,NA,NA,NA,NA,NA,NA,10,5,7,4,4,3,4,0,1,1,1,3,2,4,1,0,7,3,3,4,2,2,2,0,1,1,0,2,1,1,0,0,NA,NA,NA,NA,NA,NA,NA,NA,NA,NA,NA,NA,NA,NA,NA,NA,NA,NA,NA,NA,NA,NA,NA,NA,NA,NA,NA,NA,NA,NA,NA,NA,NA,NA,NA,NA,NA,NA,NA,NA,NA,NA,NA,NA,NA,NA,NA,NA,NA,NA,NA,NA,NA,NA,NA,NA,NA,NA,NA,NA,NA,NA,NA,NA
"370","PB800",238,NA,96445148,82890704,NA,NA,2.00401279828374e-09,8.7130991229728e-11,2.09114378951347e-09,1.62206103971086e-09,5.06894074909643e-11,1.67275044720182e-09,NA,NA,NA,NA,NA,NA,NA,NA,NA,NA,0.642857142857143,0.882352941176471,NA,NA,0,0,NA,NA,46,2,48,32,1,33,NA,NA,NA,NA,NA,NA,NA,NA,NA,NA,14,3,13,4,4,8,0,0,1,1,0,0,0,0,0,0,12,2,8,3,2,5,0,0,1,0,0,0,0,0,0,0,NA,NA,NA,NA,NA,NA,NA,NA,NA,NA,NA,NA,NA,NA,NA,NA,NA,NA,NA,NA,NA,NA,NA,NA,NA,NA,NA,NA,NA,NA,NA,NA,NA,NA,NA,NA,NA,NA,NA,NA,NA,NA,NA,NA,NA,NA,NA,NA,NA,NA,NA,NA,NA,NA,NA,NA,NA,NA,NA,NA,NA,NA,NA,NA
"371","PB800",238,NA,96755810,88533345,NA,NA,1.73702464886353e-09,5.64533010880647e-10,2.30155765974418e-09,1.51867956093385e-09,9.49174725583656e-11,1.61359703349222e-09,NA,NA,NA,NA,NA,NA,NA,NA,NA,NA,0.538461538461538,0.523809523809524,NA,NA,1.16666666666667,0,NA,NA,40,13,53,32,2,34,NA,NA,NA,NA,NA,NA,NA,NA,NA,NA,8,6,12,6,2,6,2,0,1,2,1,2,1,1,0,3,6,5,10,5,2,4,0,0,1,1,0,0,0,0,0,0,NA,NA,NA,NA,NA,NA,NA,NA,NA,NA,NA,NA,NA,NA,NA,NA,NA,NA,NA,NA,NA,NA,NA,NA,NA,NA,NA,NA,NA,NA,NA,NA,NA,NA,NA,NA,NA,NA,NA,NA,NA,NA,NA,NA,NA,NA,NA,NA,NA,NA,NA,NA,NA,NA,NA,NA,NA,NA,NA,NA,NA,NA,NA,NA
"373","PB800",238,NA,97196427,92761575,NA,NA,1.64269274575513e-09,8.64575129344808e-10,2.50726787509994e-09,1.40416008288277e-09,4.9825035199066e-10,1.90241043487343e-09,NA,NA,NA,NA,NA,NA,NA,NA,NA,NA,1.11111111111111,1.38461538461538,NA,NA,1.22222222222222,1.75,NA,NA,38,20,58,31,11,42,NA,NA,NA,NA,NA,NA,NA,NA,NA,NA,17,3,7,3,4,4,5,3,0,0,1,6,0,3,1,1,16,2,5,2,2,4,2,1,0,0,1,4,0,3,0,0,NA,NA,NA,NA,NA,NA,NA,NA,NA,NA,NA,NA,NA,NA,NA,NA,NA,NA,NA,NA,NA,NA,NA,NA,NA,NA,NA,NA,NA,NA,NA,NA,NA,NA,NA,NA,NA,NA,NA,NA,NA,NA,NA,NA,NA,NA,NA,NA,NA,NA,NA,NA,NA,NA,NA,NA,NA,NA,NA,NA,NA,NA,NA,NA
"374","PB800",238,"PB_374",96931682,89960178,100151593,98999973,1.43044523033113e-09,5.63508727100143e-10,1.99395395743127e-09,1.30776818631383e-09,1.40118019962196e-10,1.44788620627603e-09,1.64717935613888e-09,3.03427776130846e-10,1.63471023289229e-09,1.40118019962196e-10,1.59422192661697e-09,2.09766042975917e-10,1.80398796959289e-09,1.48544306703409e-09,1.27323691460065e-10,1.61276675849415e-09,1.2,1.15384615384615,1.23529411764706,1.33333333333333,0.3,0.5,0.666666666666667,0.5,33,13,46,28,3,31,38,7,35,3,38,5,43,35,3,38,15,0,4,3,6,5,2,1,2,3,2,1,0,2,0,0,12,0,4,3,4,5,0,1,1,0,0,1,0,0,0,0,16,0,5,5,6,6,1,1,1,1,0,1,0,2,0,0,15,0,4,5,6,5,0,1,1,0,0,1,0,0,0,0,16,0,5,5,6,6,1,1,1,0,0,1,0,1,0,0,15,0,4,5,6,5,0,1,1,0,0,1,0,0,0,0
"377","PB800",238,NA,96978090,91423095,NA,NA,NA,NA,NA,NA,NA,NA,NA,NA,NA,NA,NA,NA,NA,NA,NA,NA,NA,NA,NA,NA,NA,NA,NA,NA,NA,NA,NA,NA,NA,NA,NA,NA,NA,NA,NA,NA,NA,NA,NA,NA,NA,NA,NA,NA,NA,NA,NA,NA,NA,NA,NA,NA,NA,NA,NA,NA,NA,NA,NA,NA,NA,NA,NA,NA,NA,NA,NA,NA,NA,NA,NA,NA,NA,NA,NA,NA,NA,NA,NA,NA,NA,NA,NA,NA,NA,NA,NA,NA,NA,NA,NA,NA,NA,NA,NA,NA,NA,NA,NA,NA,NA,NA,NA,NA,NA,NA,NA,NA,NA,NA,NA,NA,NA,NA,NA,NA,NA,NA,NA,NA,NA,NA,NA,NA,NA,NA,NA,NA,NA,NA,NA,NA,NA,NA,NA,NA
"379","PB800",238,NA,95553449,68546853,NA,NA,1.27518933927543e-09,3.07804323273379e-10,1.58299366254881e-09,9.19447171178429e-10,6.12964780785619e-11,9.80743649256991e-10,NA,NA,NA,NA,NA,NA,NA,NA,NA,NA,1.23076923076923,0.875,NA,NA,6,Inf,NA,NA,29,7,36,15,1,16,NA,NA,NA,NA,NA,NA,NA,NA,NA,NA,14,0,8,2,3,2,0,0,1,0,0,4,1,0,1,0,6,0,5,1,2,1,0,0,0,0,0,1,0,0,0,0,NA,NA,NA,NA,NA,NA,NA,NA,NA,NA,NA,NA,NA,NA,NA,NA,NA,NA,NA,NA,NA,NA,NA,NA,NA,NA,NA,NA,NA,NA,NA,NA,NA,NA,NA,NA,NA,NA,NA,NA,NA,NA,NA,NA,NA,NA,NA,NA,NA,NA,NA,NA,NA,NA,NA,NA,NA,NA,NA,NA,NA,NA,NA,NA
"380","PB800",238,NA,96459920,85056303,NA,NA,2.09082354898187e-09,7.4050000693108e-10,2.83132355591295e-09,1.67955974828982e-09,3.9519052900937e-10,2.07475027729919e-09,NA,NA,NA,NA,NA,NA,NA,NA,NA,NA,0.548387096774194,0.545454545454545,NA,NA,1.83333333333333,1,NA,NA,48,17,65,34,8,42,NA,NA,NA,NA,NA,NA,NA,NA,NA,NA,13,11,6,4,6,8,1,0,0,2,3,6,1,4,0,0,9,9,4,3,4,5,1,0,0,2,1,1,1,2,0,0,NA,NA,NA,NA,NA,NA,NA,NA,NA,NA,NA,NA,NA,NA,NA,NA,NA,NA,NA,NA,NA,NA,NA,NA,NA,NA,NA,NA,NA,NA,NA,NA,NA,NA,NA,NA,NA,NA,NA,NA,NA,NA,NA,NA,NA,NA,NA,NA,NA,NA,NA,NA,NA,NA,NA,NA,NA,NA,NA,NA,NA,NA,NA,NA
"381","PB800",238,NA,96685921,85984471,NA,NA,1.78173725586195e-09,6.95312099848566e-10,2.47704935571051e-09,1.51483284511149e-09,4.88655756487576e-10,2.00348860159906e-09,NA,NA,NA,NA,NA,NA,NA,NA,NA,NA,0.863636363636364,0.631578947368421,NA,NA,1,0.428571428571429,NA,NA,41,16,57,31,10,41,NA,NA,NA,NA,NA,NA,NA,NA,NA,NA,11,6,6,8,5,5,6,1,0,1,0,6,0,0,2,0,9,6,4,3,4,5,5,1,0,1,0,3,0,0,0,0,NA,NA,NA,NA,NA,NA,NA,NA,NA,NA,NA,NA,NA,NA,NA,NA,NA,NA,NA,NA,NA,NA,NA,NA,NA,NA,NA,NA,NA,NA,NA,NA,NA,NA,NA,NA,NA,NA,NA,NA,NA,NA,NA,NA,NA,NA,NA,NA,NA,NA,NA,NA,NA,NA,NA,NA,NA,NA,NA,NA,NA,NA,NA,NA
"383","PB800",238,NA,96195719,77194870,NA,NA,1.48506757205217e-09,5.24141496018413e-10,2.00920906807058e-09,1.30630877588697e-09,1.63288596985871e-10,1.46959737287284e-09,NA,NA,NA,NA,NA,NA,NA,NA,NA,NA,0.888888888888889,0.714285714285714,NA,NA,0.714285714285714,0,NA,NA,34,12,46,24,3,27,NA,NA,NA,NA,NA,NA,NA,NA,NA,NA,9,3,5,7,4,6,1,1,3,1,1,3,0,1,0,1,5,3,3,5,4,4,0,1,1,1,0,0,0,0,0,0,NA,NA,NA,NA,NA,NA,NA,NA,NA,NA,NA,NA,NA,NA,NA,NA,NA,NA,NA,NA,NA,NA,NA,NA,NA,NA,NA,NA,NA,NA,NA,NA,NA,NA,NA,NA,NA,NA,NA,NA,NA,NA,NA,NA,NA,NA,NA,NA,NA,NA,NA,NA,NA,NA,NA,NA,NA,NA,NA,NA,NA,NA,NA,NA
"384","PB800",238,NA,95478329,63417509,NA,NA,2.46437196913091e-09,8.80132846118182e-10,3.34450481524909e-09,1.8551195194931e-09,4.63779879873275e-10,2.31889939936638e-09,NA,NA,NA,NA,NA,NA,NA,NA,NA,NA,0.75,0.75,NA,NA,1.85714285714286,0.75,NA,NA,56,20,76,28,7,35,NA,NA,NA,NA,NA,NA,NA,NA,NA,NA,16,3,14,8,6,9,3,2,1,0,1,2,3,4,1,3,8,3,9,4,1,3,2,2,0,0,0,0,1,2,0,0,NA,NA,NA,NA,NA,NA,NA,NA,NA,NA,NA,NA,NA,NA,NA,NA,NA,NA,NA,NA,NA,NA,NA,NA,NA,NA,NA,NA,NA,NA,NA,NA,NA,NA,NA,NA,NA,NA,NA,NA,NA,NA,NA,NA,NA,NA,NA,NA,NA,NA,NA,NA,NA,NA,NA,NA,NA,NA,NA,NA,NA,NA,NA,NA
"385","PB800",238,"PB_385",96796266,89332375,100170032,98991791,1.17200159509521e-09,6.94519463760126e-10,1.86652105885534e-09,9.87719112109659e-10,4.23308190904139e-10,1.4110273030138e-09,1.56266879346028e-09,7.37926930245134e-10,1.4110273030138e-09,4.23308190904139e-10,2.05532881272491e-09,7.550187475316e-10,2.81034756025651e-09,1.74023427420386e-09,4.66892122347377e-10,2.20712639655124e-09,2,2.5,1.88235294117647,1.73333333333333,1.66666666666667,0.5,2,1.2,27,16,43,21,9,30,36,17,30,9,49,18,67,41,11,52,13,2,3,5,3,1,3,1,1,0,1,5,0,1,1,3,11,1,1,4,3,1,3,1,1,0,1,2,0,0,0,1,18,3,3,6,3,3,3,1,1,1,0,5,0,1,1,4,15,3,1,5,3,3,3,1,1,0,0,2,0,0,0,2,24,6,3,8,3,5,3,1,1,1,0,4,1,1,1,5,19,6,1,7,3,5,3,1,1,0,0,2,1,0,0,3
"386","PB800",238,NA,96907462,93090177,NA,NA,NA,NA,NA,NA,NA,NA,NA,NA,NA,NA,NA,NA,NA,NA,NA,NA,NA,NA,NA,NA,NA,NA,NA,NA,NA,NA,NA,NA,NA,NA,NA,NA,NA,NA,NA,NA,NA,NA,NA,NA,NA,NA,NA,NA,NA,NA,NA,NA,NA,NA,NA,NA,NA,NA,NA,NA,NA,NA,NA,NA,NA,NA,NA,NA,NA,NA,NA,NA,NA,NA,NA,NA,NA,NA,NA,NA,NA,NA,NA,NA,NA,NA,NA,NA,NA,NA,NA,NA,NA,NA,NA,NA,NA,NA,NA,NA,NA,NA,NA,NA,NA,NA,NA,NA,NA,NA,NA,NA,NA,NA,NA,NA,NA,NA,NA,NA,NA,NA,NA,NA,NA,NA,NA,NA,NA,NA,NA,NA,NA,NA,NA,NA,NA,NA,NA,NA
"387","PB800",238,NA,96493190,87641678,NA,NA,1.43694557289353e-09,2.61262831435187e-10,1.69820840432871e-09,1.29442270778134e-09,1.91766327078717e-10,1.48618903486006e-09,NA,NA,NA,NA,NA,NA,NA,NA,NA,NA,1.35714285714286,1.7,NA,NA,2,3,NA,NA,33,6,39,27,4,31,NA,NA,NA,NA,NA,NA,NA,NA,NA,NA,9,3,3,10,2,6,0,1,0,0,1,3,0,1,0,0,9,3,2,8,1,4,0,1,0,0,0,2,0,1,0,0,NA,NA,NA,NA,NA,NA,NA,NA,NA,NA,NA,NA,NA,NA,NA,NA,NA,NA,NA,NA,NA,NA,NA,NA,NA,NA,NA,NA,NA,NA,NA,NA,NA,NA,NA,NA,NA,NA,NA,NA,NA,NA,NA,NA,NA,NA,NA,NA,NA,NA,NA,NA,NA,NA,NA,NA,NA,NA,NA,NA,NA,NA,NA,NA
"388","PB800",238,NA,97344493,94551832,NA,NA,NA,NA,NA,NA,NA,NA,NA,NA,NA,NA,NA,NA,NA,NA,NA,NA,NA,NA,NA,NA,NA,NA,NA,NA,NA,NA,NA,NA,NA,NA,NA,NA,NA,NA,NA,NA,NA,NA,NA,NA,NA,NA,NA,NA,NA,NA,NA,NA,NA,NA,NA,NA,NA,NA,NA,NA,NA,NA,NA,NA,NA,NA,NA,NA,NA,NA,NA,NA,NA,NA,NA,NA,NA,NA,NA,NA,NA,NA,NA,NA,NA,NA,NA,NA,NA,NA,NA,NA,NA,NA,NA,NA,NA,NA,NA,NA,NA,NA,NA,NA,NA,NA,NA,NA,NA,NA,NA,NA,NA,NA,NA,NA,NA,NA,NA,NA,NA,NA,NA,NA,NA,NA,NA,NA,NA,NA,NA,NA,NA,NA,NA,NA,NA,NA,NA,NA
"390","PB800",238,NA,96980348,89713300,NA,NA,1.47305248747038e-09,5.19900877930721e-10,1.9929533654011e-09,1.2176979052046e-09,2.34172674077807e-10,1.4518705792824e-09,NA,NA,NA,NA,NA,NA,NA,NA,NA,NA,1,1,NA,NA,1,0.666666666666667,NA,NA,34,12,46,26,5,31,NA,NA,NA,NA,NA,NA,NA,NA,NA,NA,14,2,4,3,6,5,2,2,1,1,0,2,0,1,1,2,10,0,4,3,4,5,2,0,0,1,0,2,0,0,0,0,NA,NA,NA,NA,NA,NA,NA,NA,NA,NA,NA,NA,NA,NA,NA,NA,NA,NA,NA,NA,NA,NA,NA,NA,NA,NA,NA,NA,NA,NA,NA,NA,NA,NA,NA,NA,NA,NA,NA,NA,NA,NA,NA,NA,NA,NA,NA,NA,NA,NA,NA,NA,NA,NA,NA,NA,NA,NA,NA,NA,NA,NA,NA,NA
"391","PB800",238,NA,96638050,83956739,NA,NA,3.52176119503427e-09,8.6957066544056e-10,4.39133186047483e-09,2.80256380190111e-09,4.00366257414444e-10,3.20293005931555e-09,NA,NA,NA,NA,NA,NA,NA,NA,NA,NA,0.285714285714286,0.302325581395349,NA,NA,0.666666666666667,0.6,NA,NA,81,20,101,56,8,64,NA,NA,NA,NA,NA,NA,NA,NA,NA,NA,12,7,30,6,9,17,2,2,1,3,4,2,3,0,2,1,8,4,23,5,7,9,0,2,0,0,3,0,1,0,1,1,NA,NA,NA,NA,NA,NA,NA,NA,NA,NA,NA,NA,NA,NA,NA,NA,NA,NA,NA,NA,NA,NA,NA,NA,NA,NA,NA,NA,NA,NA,NA,NA,NA,NA,NA,NA,NA,NA,NA,NA,NA,NA,NA,NA,NA,NA,NA,NA,NA,NA,NA,NA,NA,NA,NA,NA,NA,NA,NA,NA,NA,NA,NA,NA
"392","PB800",238,NA,95800493,75393026,NA,NA,NA,NA,NA,NA,NA,NA,NA,NA,NA,NA,NA,NA,NA,NA,NA,NA,NA,NA,NA,NA,NA,NA,NA,NA,NA,NA,NA,NA,NA,NA,NA,NA,NA,NA,NA,NA,NA,NA,NA,NA,NA,NA,NA,NA,NA,NA,NA,NA,NA,NA,NA,NA,NA,NA,NA,NA,NA,NA,NA,NA,NA,NA,NA,NA,NA,NA,NA,NA,NA,NA,NA,NA,NA,NA,NA,NA,NA,NA,NA,NA,NA,NA,NA,NA,NA,NA,NA,NA,NA,NA,NA,NA,NA,NA,NA,NA,NA,NA,NA,NA,NA,NA,NA,NA,NA,NA,NA,NA,NA,NA,NA,NA,NA,NA,NA,NA,NA,NA,NA,NA,NA,NA,NA,NA,NA,NA,NA,NA,NA,NA,NA,NA,NA,NA,NA,NA
"394","PB800",238,NA,95868018,76661077,NA,NA,2.10373257397381e-09,6.13588667409028e-10,2.71732124138284e-09,2.02791548146329e-09,2.74042632630175e-10,2.30195811409347e-09,NA,NA,NA,NA,NA,NA,NA,NA,NA,NA,0.655172413793103,0.608695652173913,NA,NA,0.555555555555556,0.666666666666667,NA,NA,48,14,62,37,5,42,NA,NA,NA,NA,NA,NA,NA,NA,NA,NA,11,7,6,8,7,9,4,1,1,2,1,1,1,1,1,1,10,6,4,4,5,8,3,0,0,0,0,1,0,0,0,1,NA,NA,NA,NA,NA,NA,NA,NA,NA,NA,NA,NA,NA,NA,NA,NA,NA,NA,NA,NA,NA,NA,NA,NA,NA,NA,NA,NA,NA,NA,NA,NA,NA,NA,NA,NA,NA,NA,NA,NA,NA,NA,NA,NA,NA,NA,NA,NA,NA,NA,NA,NA,NA,NA,NA,NA,NA,NA,NA,NA,NA,NA,NA,NA
"395","PB800",238,NA,95902401,71323781,NA,NA,2.01535424461761e-09,7.88616878328628e-10,2.80397112294623e-09,1.76729862607911e-09,4.71279633621096e-10,2.2385782597002e-09,NA,NA,NA,NA,NA,NA,NA,NA,NA,NA,1.09090909090909,1.30769230769231,NA,NA,1.25,0.333333333333333,NA,NA,46,18,64,30,8,38,NA,NA,NA,NA,NA,NA,NA,NA,NA,NA,19,3,8,5,6,5,5,0,1,1,1,4,2,0,1,3,14,1,5,3,4,3,4,0,1,1,0,1,1,0,0,0,NA,NA,NA,NA,NA,NA,NA,NA,NA,NA,NA,NA,NA,NA,NA,NA,NA,NA,NA,NA,NA,NA,NA,NA,NA,NA,NA,NA,NA,NA,NA,NA,NA,NA,NA,NA,NA,NA,NA,NA,NA,NA,NA,NA,NA,NA,NA,NA,NA,NA,NA,NA,NA,NA,NA,NA,NA,NA,NA,NA,NA,NA,NA,NA
"396","PB800",238,NA,96800405,87524128,NA,NA,1.82303563952335e-09,3.03839273253891e-10,2.12687491277724e-09,1.4881850732673e-09,2.40029850526983e-10,1.72821492379428e-09,NA,NA,NA,NA,NA,NA,NA,NA,NA,NA,0.75,0.631578947368421,NA,NA,1.33333333333333,0.666666666666667,NA,NA,42,7,49,31,5,36,NA,NA,NA,NA,NA,NA,NA,NA,NA,NA,15,1,11,3,6,6,1,0,2,0,0,1,0,2,0,1,10,0,8,2,6,5,1,0,2,0,0,1,0,1,0,0,NA,NA,NA,NA,NA,NA,NA,NA,NA,NA,NA,NA,NA,NA,NA,NA,NA,NA,NA,NA,NA,NA,NA,NA,NA,NA,NA,NA,NA,NA,NA,NA,NA,NA,NA,NA,NA,NA,NA,NA,NA,NA,NA,NA,NA,NA,NA,NA,NA,NA,NA,NA,NA,NA,NA,NA,NA,NA,NA,NA,NA,NA,NA,NA
